arm,stratum_type,stratum,n,total_archive_bytes,mean_archive_bytes
B1,st_technology,Spatial Transcriptomics,18,8934013,496334.05555555556
B1,st_technology,Visium,18,63632000,3535111.111111111
B1,st_technology,Visium HD,3,3922312,1307437.3333333333
B1,st_technology,Xenium,11,13204789,1200435.3636363635
B1,species,Homo sapiens,25,49549422,1981976.88
B1,species,Mus musculus,25,40143692,1605747.68
B1,organ,Bone,4,3764583,941145.75
B1,organ,Bowel,6,16312208,2718701.3333333335
B1,organ,Brain,8,16444141,2055517.625
B1,organ,Breast,4,3087709,771927.25
B1,organ,Cervix,1,8413181,8413181.0
B1,organ,Eye,1,1453509,1453509.0
B1,organ,Heart,3,3652520,1217506.6666666667
B1,organ,Kidney,1,1522468,1522468.0
B1,organ,Liver,1,6419801,6419801.0
B1,organ,Lung,2,2744901,1372450.5
B1,organ,Lymph node,1,5009375,5009375.0
B1,organ,Lymphoid,1,1606013,1606013.0
B1,organ,Muscle,1,1125710,1125710.0
B1,organ,Pancreas,1,360778,360778.0
B1,organ,Prostate,3,4021586,1340528.6666666667
B1,organ,Skin,5,3864410,772882.0
B1,organ,Spinal cord,5,2255984,451196.8
B1,organ,Uterus,1,3553130,3553130.0
B1,organ,Whole organism,1,4081107,4081107.0
B16,st_technology,Spatial Transcriptomics,18,8904750,494708.3333333333
B16,st_technology,Visium,18,62975773,3498654.0555555555
B16,st_technology,Visium HD,3,3911175,1303725.0
B16,st_technology,Xenium,11,13001711,1181973.7272727273
B16,species,Homo sapiens,25,49064067,1962562.68
B16,species,Mus musculus,25,39729342,1589173.68
B16,organ,Bone,4,3714057,928514.25
B16,organ,Bowel,6,16188398,2698066.3333333335
B16,organ,Brain,8,16389681,2048710.125
B16,organ,Breast,4,3056577,764144.25
B16,organ,Cervix,1,8282826,8282826.0
B16,organ,Eye,1,1448472,1448472.0
B16,organ,Heart,3,3649330,1216443.3333333333
B16,organ,Kidney,1,1521679,1521679.0
B16,organ,Liver,1,6205992,6205992.0
B16,organ,Lung,2,2681876,1340938.0
B16,organ,Lymph node,1,4961413,4961413.0
B16,organ,Lymphoid,1,1580120,1580120.0
B16,organ,Muscle,1,1119765,1119765.0
B16,organ,Pancreas,1,353660,353660.0
B16,organ,Prostate,3,4004146,1334715.3333333333
B16,organ,Skin,5,3811536,762307.2
B16,organ,Spinal cord,5,2253327,450665.4
B16,organ,Uterus,1,3543712,3543712.0
B16,organ,Whole organism,1,4026842,4026842.0
B2,st_technology,Spatial Transcriptomics,18,8930080,496115.55555555556
B2,st_technology,Visium,18,63533021,3529612.277777778
B2,st_technology,Visium HD,3,3919182,1306394.0
B2,st_technology,Xenium,11,13182860,1198441.8181818181
B2,species,Homo sapiens,25,49482225,1979289.0
B2,species,Mus musculus,25,40082918,1603316.72
B2,organ,Bone,4,3759017,939754.25
B2,organ,Bowel,6,16300500,2716750.0
B2,organ,Brain,8,16441277,2055159.625
B2,organ,Breast,4,3084051,771012.75
B2,organ,Cervix,1,8401517,8401517.0
B2,organ,Eye,1,1453323,1453323.0
B2,organ,Heart,3,3652203,1217401.0
B2,organ,Kidney,1,1522499,1522499.0
B2,organ,Liver,1,6373304,6373304.0
B2,organ,Lung,2,2729618,1364809.0
B2,organ,Lymph node,1,5003229,5003229.0
B2,organ,Lymphoid,1,1597073,1597073.0
B2,organ,Muscle,1,1125281,1125281.0
B2,organ,Pancreas,1,359817,359817.0
B2,organ,Prostate,3,4020094,1340031.3333333333
B2,organ,Skin,5,3853675,770735.0
B2,organ,Spinal cord,5,2256083,451216.6
B2,organ,Uterus,1,3552293,3552293.0
B2,organ,Whole organism,1,4080289,4080289.0
B4,st_technology,Spatial Transcriptomics,18,8914199,495233.27777777775
B4,st_technology,Visium,18,63254253,3514125.1666666665
B4,st_technology,Visium HD,3,3917665,1305888.3333333333
B4,st_technology,Xenium,11,13079104,1189009.4545454546
B4,species,Homo sapiens,25,49266605,1970664.2
B4,species,Mus musculus,25,39898616,1595944.64
B4,organ,Bone,4,3739962,934990.5
B4,organ,Bowel,6,16234406,2705734.3333333335
B4,organ,Brain,8,16416096,2052012.0
B4,organ,Breast,4,3065409,766352.25
B4,organ,Cervix,1,8329924,8329924.0
B4,organ,Eye,1,1450554,1450554.0
B4,organ,Heart,3,3649479,1216493.0
B4,organ,Kidney,1,1521793,1521793.0
B4,organ,Liver,1,6288964,6288964.0
B4,organ,Lung,2,2715054,1357527.0
B4,organ,Lymph node,1,4982957,4982957.0
B4,organ,Lymphoid,1,1593132,1593132.0
B4,organ,Muscle,1,1122184,1122184.0
B4,organ,Pancreas,1,355613,355613.0
B4,organ,Prostate,3,4012037,1337345.6666666667
B4,organ,Skin,5,3837352,767470.4
B4,organ,Spinal cord,5,2253713,450742.6
B4,organ,Uterus,1,3548295,3548295.0
B4,organ,Whole organism,1,4048297,4048297.0
