stage,sample_id,arm,status,total_archive_bytes,archive_sha256,source_sha256,mapping_bytes,support_stream,value_stream,support_model,value_model_and_group_map,graph_index,identity_coordinates_metadata,mapping,manifest,zip_framing,verify_all,error
bucket,NCBI180,B1,success,257315,bf0469888cb15b5eb77eae3546ae0a448d68d39e278160037fb0d5de6728bd6d,f7565f113f5f59b6c78146811aac9ee1e9ad46affbafd337fea0d66624e66f34,0,150638,28520,12215,6296,2259,54010,0,2113,1264,True,
bucket,NCBI180,B2,success,257362,65106f95abc60ca61cf4e06f02653096e774423ec1b21ef2ca034a0e7266a3a0,f7565f113f5f59b6c78146811aac9ee1e9ad46affbafd337fea0d66624e66f34,0,150650,28520,12243,6296,2259,54010,0,2120,1264,True,
bucket,NCBI180,B4,success,257336,60b1db549eacdd0d5d8e889d110853f67b350dd8883796843793f98809b50d4b,f7565f113f5f59b6c78146811aac9ee1e9ad46affbafd337fea0d66624e66f34,0,150562,28520,12299,6296,2259,54010,0,2126,1264,True,
bucket,NCBI180,B16,success,257634,ed2bf2c736f5bf0dff13245d02521d7aea87fabb357111818a7cf9c50cfeed39,f7565f113f5f59b6c78146811aac9ee1e9ad46affbafd337fea0d66624e66f34,0,150475,28520,12635,6296,2259,54010,0,2175,1264,True,
bucket,SPA58,B1,success,589436,432c22d3b785416581dd8abeb19045e2de9b1ee9dedce3e395da8845f38206ab,d74cb550e659857f601ec4c7e86725e7f97eff3fdc625fb25088f446014dee8f,0,350274,145392,17578,9702,3375,59738,0,2113,1264,True,
bucket,SPA58,B2,success,589437,1bdef778e253c54fa78383c2f1a88455f3f6b5352229b34a44d4352940f93958,d74cb550e659857f601ec4c7e86725e7f97eff3fdc625fb25088f446014dee8f,0,350240,145392,17606,9702,3375,59738,0,2120,1264,True,
bucket,SPA58,B4,success,589189,b12f52f916f59aa23f365b20ed130b09d26b4bac40bd9698ea2505b4303b9eba,d74cb550e659857f601ec4c7e86725e7f97eff3fdc625fb25088f446014dee8f,0,349926,145392,17662,9702,3375,59738,0,2130,1264,True,
bucket,SPA58,B16,success,589253,7838c2ebdc76bea956d04bd8fe4bfa305e760e39104cc43fca00b99ee1d5766c,d74cb550e659857f601ec4c7e86725e7f97eff3fdc625fb25088f446014dee8f,0,349606,145392,17998,9702,3375,59738,0,2178,1264,True,
bucket,SPA37,B1,success,415458,88518dd6a8ca3ef1e0c349e8ee8b9531928005bae59cd33ca5e645aad954d8f9,7fe6e43b93d513a31f45c88bd6aba61425901dbf6eba4541f7ff312d45d9b565,0,172664,76875,22998,11751,1104,126685,0,2117,1264,True,
bucket,SPA37,B2,success,415410,aa07d8320bd6a3deff9accdb4b45bef73c9d31b52cf9e99b8aaba5836c1e4742,7fe6e43b93d513a31f45c88bd6aba61425901dbf6eba4541f7ff312d45d9b565,0,172585,76875,23026,11751,1104,126685,0,2120,1264,True,
bucket,SPA37,B4,success,414283,d884ad098cd1d26fefe0a12901418774e8402aa38b9b9a479557325019eaf8a8,7fe6e43b93d513a31f45c88bd6aba61425901dbf6eba4541f7ff312d45d9b565,0,171392,76875,23082,11751,1104,126685,0,2130,1264,True,
bucket,SPA37,B16,success,414566,2cfaa4e731a76b8ba92222c8917f9101077225076ce967b5fa273b2fa41f144f,7fe6e43b93d513a31f45c88bd6aba61425901dbf6eba4541f7ff312d45d9b565,0,171291,76875,23418,11751,1104,126685,0,2178,1264,True,
bucket,NCBI383,B1,success,1039680,22a623071992c7143e5216df1d49a818be4b372566686a2c470acdd653f82f97,eae056d0d9ae098b6e1d3bbf05d6b6181104a706449b744fcc9ba52a0fa338bc,0,554243,367209,19604,9304,3810,82129,0,2117,1264,True,
bucket,NCBI383,B2,success,1039686,f26be48a0fa39f490481d7651d19f7a50c1454cbf2cdf5f2fe3d7c5da5fd2fe4,eae056d0d9ae098b6e1d3bbf05d6b6181104a706449b744fcc9ba52a0fa338bc,0,554215,367209,19632,9304,3810,82129,0,2123,1264,True,
bucket,NCBI383,B4,success,1038800,e0d1e3fdcfea22be15ee227b0c4bf923aef460f06805a1e22847e88a1e39fb56,eae056d0d9ae098b6e1d3bbf05d6b6181104a706449b744fcc9ba52a0fa338bc,0,553265,367209,19688,9304,3810,82129,0,2131,1264,True,
bucket,NCBI383,B16,success,1038404,4d9a130234c18e887811c52e993400a461d840555d68d5b1c7fce573f624aa3b,eae056d0d9ae098b6e1d3bbf05d6b6181104a706449b744fcc9ba52a0fa338bc,0,552486,367209,20024,9304,3810,82129,0,2178,1264,True,
bucket,MEND24,B1,success,411691,086a6a18156096fa521e3c0e57b0ef56f1e129727bda5013397995ce2ae84743,82371e92def732905b40a5e19e9cacf3883367c1e413c558cac324354efc2068,0,170479,111055,21016,12355,710,92699,0,2113,1264,True,
bucket,MEND24,B2,success,411685,ae24c07fd7ef2bb854034db969c1c0a2a9a3243df24280d3c169ced1ec7fb352,82371e92def732905b40a5e19e9cacf3883367c1e413c558cac324354efc2068,0,170442,111055,21044,12355,710,92699,0,2116,1264,True,
bucket,MEND24,B4,success,410663,3bd4493e3f32174a3f6d4554b1bd9ae43b88157dda8ab3e672ffb105049b7a54,82371e92def732905b40a5e19e9cacf3883367c1e413c558cac324354efc2068,0,169351,111055,21100,12355,710,92699,0,2129,1264,True,
bucket,MEND24,B16,success,410235,06a45c0874507d4f9a6158d6fe12736d464682ea34ac711931fff4303d2cf3db,82371e92def732905b40a5e19e9cacf3883367c1e413c558cac324354efc2068,0,168539,111055,21436,12355,710,92699,0,2177,1264,True,
bucket,SPA8,B1,success,582375,2c420ebd1d6db00f72fe09f34d6e264883f3868f50156eab69338c6f69928f97,782befbf76200d70efbf9a63791824e087bcdb21b6a71022f8d8a55294ad6d6c,0,250631,250236,14616,8734,1482,53296,0,2116,1264,True,
bucket,SPA8,B2,success,582409,534b3365f762b6b90b4d7c53c9bdbefb3563d83e5c49b1e03d83b074deb02ca6,782befbf76200d70efbf9a63791824e087bcdb21b6a71022f8d8a55294ad6d6c,0,250631,250236,14644,8734,1482,53296,0,2122,1264,True,
bucket,SPA8,B4,success,582433,132b2190c7c4c52b18c6d73b7a279179675de68817abb2e4dcb110d99b9f9b8c,782befbf76200d70efbf9a63791824e087bcdb21b6a71022f8d8a55294ad6d6c,0,250589,250236,14700,8734,1482,53296,0,2132,1264,True,
bucket,SPA8,B16,success,582756,c1fa3132ff3a3f684623af28ae8da1f3a3a60d6761be5875ae987febe37997b5,782befbf76200d70efbf9a63791824e087bcdb21b6a71022f8d8a55294ad6d6c,0,250528,250236,15036,8734,1482,53296,0,2180,1264,True,
bucket,NCBI761,B1,success,412898,5fa72f2c620192e6f19df99462888a8327862874f560239851f1eadf23111a38,319404c208c6d8f456266d806ffb5ff6d9fc04da964e4e060a714d906d8f445d,0,252708,76910,14144,8527,3911,53322,0,2112,1264,True,
bucket,NCBI761,B2,success,411186,e4155b5eb26760de3e78a507bc111af2da23d7ce6a61618566917294eb08ca82,319404c208c6d8f456266d806ffb5ff6d9fc04da964e4e060a714d906d8f445d,0,250961,76910,14172,8527,3911,53322,0,2119,1264,True,
bucket,NCBI761,B4,success,409872,84988ff177b654e5a93996e8f1ba974f0d2c344c080d85867496a1a60528fdfe,319404c208c6d8f456266d806ffb5ff6d9fc04da964e4e060a714d906d8f445d,0,249581,76910,14228,8527,3911,53322,0,2129,1264,True,
bucket,NCBI761,B16,success,408091,3aec434b225b82849cb1c273fa3948c74f2fef26d1547c3d8ef3874aa5c53c57,319404c208c6d8f456266d806ffb5ff6d9fc04da964e4e060a714d906d8f445d,0,247419,76910,14564,8527,3911,53322,0,2174,1264,True,
bucket,NCBI289,B1,success,156331,3caf381c0ac8150577eec8cd1cf42e1756fdf3b6b6618a1c05da8e6e1ab9dbc2,b7d8b06cd900498f75a05b2acb527e17b2506167590e3d065d4132852e5957dc,0,70424,20341,9377,7245,959,44612,0,2109,1264,True,
bucket,NCBI289,B2,success,156358,3cd5a3aab5c33b3105d71b0b62fb9f460505364e385cc814fa1ba7dcf6756841,b7d8b06cd900498f75a05b2acb527e17b2506167590e3d065d4132852e5957dc,0,70418,20341,9405,7245,959,44612,0,2114,1264,True,
bucket,NCBI289,B4,success,156303,d1ce7235cadae1a7b1972cda84ba039b03f6ccae60ccf772df4ca7f7bf2a53b1,b7d8b06cd900498f75a05b2acb527e17b2506167590e3d065d4132852e5957dc,0,70299,20341,9461,7245,959,44612,0,2122,1264,True,
bucket,NCBI289,B16,success,156506,068d73bc5160c7c631a3efa54a84a3f3af2acaf85f6c10b381b707dd45da63e2,b7d8b06cd900498f75a05b2acb527e17b2506167590e3d065d4132852e5957dc,0,70118,20341,9797,7245,959,44612,0,2170,1264,True,
bucket,SPA149,B1,success,648053,41e1c4d33ae226e869cba385f3bdbd76a8af47e51a36eaf55013c34c210f2cd5,cb8f64a201011a1eb3fcbdc35cc91428972adbec6d425770d527e4b56df450d8,0,338225,227846,16871,9401,2400,49930,0,2116,1264,True,
bucket,SPA149,B2,success,647942,3b000c68254ce42b193a9906729e20bfe3d2c87203030906d940bd7baa91701c,cb8f64a201011a1eb3fcbdc35cc91428972adbec6d425770d527e4b56df450d8,0,338080,227846,16899,9401,2400,49930,0,2122,1264,True,
bucket,SPA149,B4,success,646247,d9816b30c16fda555cda4db99695d6b823d193b62ae19eeee5a26cdaf0636697,cb8f64a201011a1eb3fcbdc35cc91428972adbec6d425770d527e4b56df450d8,0,336321,227846,16955,9401,2400,49930,0,2130,1264,True,
bucket,SPA149,B16,success,645231,b79f0f7d9a0da5bbbf4f559eee144b12821879a52e53c2e49e9d1965df89aee1,cb8f64a201011a1eb3fcbdc35cc91428972adbec6d425770d527e4b56df450d8,0,334920,227846,17291,9401,2400,49930,0,2179,1264,True,
bucket,NCBI410,B1,success,435049,b767ae4bfe9383a3090ddc317bbeac1e08441b6008ff280397995189510d23d9,1f65fdbc5875514cf91e7e14bddc5b5e96c555756e1993902fee81fc871024c0,0,169238,160644,15526,9979,905,75380,0,2113,1264,True,
bucket,NCBI410,B2,success,435066,49528a8331d9c74678c0ecb75d34350630a20a321875738f4de49b01a3bde468,1f65fdbc5875514cf91e7e14bddc5b5e96c555756e1993902fee81fc871024c0,0,169220,160644,15554,9979,905,75380,0,2120,1264,True,
bucket,NCBI410,B4,success,434158,f996a9ebe6d88e2b294275ea2879d571b1d083b6117e790b32a6f861ed4139b4,1f65fdbc5875514cf91e7e14bddc5b5e96c555756e1993902fee81fc871024c0,0,168248,160644,15610,9979,905,75380,0,2128,1264,True,
bucket,NCBI410,B16,success,434113,91a304411f373ec36731cb08e5830a672cb6224a3b2bbe6b4015de50cf750698,1f65fdbc5875514cf91e7e14bddc5b5e96c555756e1993902fee81fc871024c0,0,167819,160644,15946,9979,905,75380,0,2176,1264,True,
bucket,MEND23,B1,success,308253,63ad17a1817ccf4abc5b283d15cde64bade4867c963e32fad0d3863e31660476,dde89358570ca2a66419580968de94833ed4af2268d830130f3a5e3bc93a0d53,0,127424,65148,17864,11123,593,82723,0,2114,1264,True,
bucket,MEND23,B2,success,308260,97fade2268997c4c153d54fc524e6992bfcc9bfbaa59fcaed7d5db41c57f125b,dde89358570ca2a66419580968de94833ed4af2268d830130f3a5e3bc93a0d53,0,127397,65148,17892,11123,593,82723,0,2120,1264,True,
bucket,MEND23,B4,success,307837,a0dc43a910367e6fa5c30afa660cd5e0aee750c79d509a3256013377dd88dbba,dde89358570ca2a66419580968de94833ed4af2268d830130f3a5e3bc93a0d53,0,126909,65148,17948,11123,593,82723,0,2129,1264,True,
bucket,MEND23,B16,success,307285,be7388728652565cca079a1aa9cb22346597ff10dad93c779884e95b349fff1b,dde89358570ca2a66419580968de94833ed4af2268d830130f3a5e3bc93a0d53,0,125974,65148,18284,11123,593,82723,0,2176,1264,True,
bucket,NCBI299,B1,success,180744,3465183491731c4a551e747f14d2c1171950016d1dc731df87eeb9ff1d0e61d7,1a5d6c173dfcf6a5f74b9a8d6c462f519ad46a5a8810c000c2f122f3ac0bc74f,0,80758,34453,9680,7526,645,44309,0,2109,1264,True,
bucket,NCBI299,B2,success,180768,fc6993d28a4dd5f57e5315c54a23ddaaac346cfdd04a79c7f6d154a8fd2c631d,1a5d6c173dfcf6a5f74b9a8d6c462f519ad46a5a8810c000c2f122f3ac0bc74f,0,80749,34453,9708,7526,645,44309,0,2114,1264,True,
bucket,NCBI299,B4,success,180798,e2dfa0b1fb33ce7271c59208e332da71691df4612fda1cbb90822974cbfdceac,1a5d6c173dfcf6a5f74b9a8d6c462f519ad46a5a8810c000c2f122f3ac0bc74f,0,80713,34453,9764,7526,645,44309,0,2124,1264,True,
bucket,NCBI299,B16,success,181103,ad6ad1b2f82a08ee1915c1628dd8ce4d73ab65d1327f6fd6a75598da466e32ac,1a5d6c173dfcf6a5f74b9a8d6c462f519ad46a5a8810c000c2f122f3ac0bc74f,0,80634,34453,10100,7526,645,44309,0,2172,1264,True,
bucket,NCBI770,B1,success,1161730,5f719d0bdf39d35523ac94ad33f1fc387a95ab43c8f84db46a71173b0016535e,e92643106972dc8fc88feb2724c1e4c2dd5c590a1df7b00722bea31b57cf0d83,0,635340,428196,19852,10815,4291,59857,0,2115,1264,True,
bucket,NCBI770,B2,success,1159829,16a0b90e46cff12b8e645214d03773b248d24dbcee08cf404ea0781caa509d3d,e92643106972dc8fc88feb2724c1e4c2dd5c590a1df7b00722bea31b57cf0d83,0,633406,428196,19880,10815,4291,59857,0,2120,1264,True,
bucket,NCBI770,B4,success,1154166,b92e7429560a8a74f870f8f30a1e863897edf13222c516aca8f1fcc8093eb7d8,e92643106972dc8fc88feb2724c1e4c2dd5c590a1df7b00722bea31b57cf0d83,0,627676,428196,19936,10815,4291,59857,0,2131,1264,True,
bucket,NCBI770,B16,success,1146983,ccd7b41e2cb2389804feb86aba2f6b1a9c017845a0fca9fa1a0e7b8b94cd6b77,e92643106972dc8fc88feb2724c1e4c2dd5c590a1df7b00722bea31b57cf0d83,0,620109,428196,20272,10815,4291,59857,0,2179,1264,True,
bucket,NCBI337,B1,success,493077,d24fbf588771577789a1d6462a8b082a9fd7f1821014e069ec7bdc178bdc59d3,2d750e8b234c974032605b339ba07ba02185b4c99b374486c4674196ddaf886b,0,206098,179969,16722,9582,1193,76133,0,2116,1264,True,
bucket,NCBI337,B2,success,493018,d398c595cfd8eecba360a76bb220baffc0e9789649bb05fe1fc5418bbc20cb2c,2d750e8b234c974032605b339ba07ba02185b4c99b374486c4674196ddaf886b,0,206005,179969,16750,9582,1193,76133,0,2122,1264,True,
bucket,NCBI337,B4,success,492534,ed62ff265ddad217d84741c5fdcc71601a03305c903f0f7628895a7498b12d69,2d750e8b234c974032605b339ba07ba02185b4c99b374486c4674196ddaf886b,0,205456,179969,16806,9582,1193,76133,0,2131,1264,True,
bucket,NCBI337,B16,success,492853,cab7a1bf386f4e5bc45f4e479ea71f1c56d740f556ca22ce2fd7dcdeaa92ca55,2d750e8b234c974032605b339ba07ba02185b4c99b374486c4674196ddaf886b,0,205391,179969,17142,9582,1193,76133,0,2179,1264,True,
bucket,SPA33,B1,success,432502,3ff8bd879a16ddefc486d523688fd6ff69f2924a6b5f1aca8195bc3170ffc4fc,a48faaf4fc56f9d088135736f2e075aae410757cb590dda99b52122185a05799,0,188017,79334,22081,11223,1533,126936,0,2114,1264,True,
bucket,SPA33,B2,success,432390,911d95222e018b5009b1004fcf6487cc011be8389cc8ebf5600de85e450b482d,a48faaf4fc56f9d088135736f2e075aae410757cb590dda99b52122185a05799,0,187870,79334,22109,11223,1533,126936,0,2121,1264,True,
bucket,SPA33,B4,success,431156,d5be6487f5e62ee0cec6f8ace3ff6f952aa68193dcd0bf74831b1ebf48642009,a48faaf4fc56f9d088135736f2e075aae410757cb590dda99b52122185a05799,0,186574,79334,22165,11223,1533,126936,0,2127,1264,True,
bucket,SPA33,B16,success,431358,0c81da6a890f90f354eb861b0b021c81cbeffe1059a886b906c1d9c4275ff526,a48faaf4fc56f9d088135736f2e075aae410757cb590dda99b52122185a05799,0,186390,79334,22501,11223,1533,126936,0,2177,1264,True,
bucket,NCBI176,B1,success,241004,35db10370180789cf405cfa5b6d7caf49db6bf1f44b5bec46b9310dc092d3d0a,6f44c00de1ae813d4ef5c4f504f1d22f536bc0326c707024eda341260e79cade,0,139956,24975,11794,6073,2224,52608,0,2110,1264,True,
bucket,NCBI176,B2,success,241036,a717dfd2c229635933a9a7ebbb281604465d08ebdfadf7e14571435b22509ba9,6f44c00de1ae813d4ef5c4f504f1d22f536bc0326c707024eda341260e79cade,0,139952,24975,11822,6073,2224,52608,0,2118,1264,True,
bucket,NCBI176,B4,success,241020,84aa0bae1281960e673a4847ac51246a6149373c551ba4492833e8148c6e8d4f,6f44c00de1ae813d4ef5c4f504f1d22f536bc0326c707024eda341260e79cade,0,139873,24975,11878,6073,2224,52608,0,2125,1264,True,
bucket,NCBI176,B16,success,241327,8ab462dce5d2a7f9c5233820def772c476567266c0e4255e561d5b9f8957f94c,6f44c00de1ae813d4ef5c4f504f1d22f536bc0326c707024eda341260e79cade,0,139794,24975,12214,6073,2224,52608,0,2175,1264,True,
bucket,SPA96,B1,success,494635,84b8be6addca6424f80884c0c711c3af8202783b8beb5d184e7f8d46dc1a80bb,61df21abf49db1f320588e2d6b55532fc106a69ff24fe7a2cbd57e48d71c3c40,0,295121,106036,16838,9385,3286,60591,0,2114,1264,True,
bucket,SPA96,B2,success,494429,74cba6f981ec94cdb057c681f7e08bcb5ea28882c33388150e9afbd14297f853,61df21abf49db1f320588e2d6b55532fc106a69ff24fe7a2cbd57e48d71c3c40,0,294880,106036,16866,9385,3286,60591,0,2121,1264,True,
bucket,SPA96,B4,success,493778,8faafb28b5022720761bc2ce67538d83f64e0118ab9363433d594e19376a68c8,61df21abf49db1f320588e2d6b55532fc106a69ff24fe7a2cbd57e48d71c3c40,0,294163,106036,16922,9385,3286,60591,0,2131,1264,True,
bucket,SPA96,B16,success,493280,dc63cbe3a3d719c8d117b790ba4c87ed773ae943b2f76c1a3003524590b614ea,61df21abf49db1f320588e2d6b55532fc106a69ff24fe7a2cbd57e48d71c3c40,0,293284,106036,17258,9385,3286,60591,0,2176,1264,True,
bucket,SPA14,B1,success,673782,a077189e7ec9c0551fb107377d5ffe6aff3e4b2fe99ad51c921678f12a91667f,77e5069d5cc678d2b0fd8b4721537aefa4882973f91a4fbba0b6960831d656c2,0,303227,284377,15603,9406,1798,55989,0,2118,1264,True,
bucket,SPA14,B2,success,673809,4dd7dcf0336ef544f2d89dee68fa48fa640c96d0e584c48356877b14c5f7dd79,77e5069d5cc678d2b0fd8b4721537aefa4882973f91a4fbba0b6960831d656c2,0,303222,284377,15631,9406,1798,55989,0,2122,1264,True,
bucket,SPA14,B4,success,673626,e4f8b124bbb6c02cfdc52e9c2cfcf5511e27d5fcdaf2dbc028f5fdd655c267fc,77e5069d5cc678d2b0fd8b4721537aefa4882973f91a4fbba0b6960831d656c2,0,302974,284377,15687,9406,1798,55989,0,2131,1264,True,
bucket,SPA14,B16,success,673772,89f28762816f039387c83ed28b0af68c3f6f75c7940abfd7c7218745eaec018a,77e5069d5cc678d2b0fd8b4721537aefa4882973f91a4fbba0b6960831d656c2,0,302737,284377,16023,9406,1798,55989,0,2178,1264,True,
bucket,NCBI491,B1,success,1413725,330c560f616790dbcb8b49148e3295563b83f99d48889b9dbb4d9a14f8abe956,ec7332a8d752b04c608ff750fe543affd6bb4fe9dca963f218347e3782cafba8,0,761172,523444,21830,12931,6906,84061,0,2117,1264,True,
bucket,NCBI491,B2,success,1410167,3e21202ec549a6076400f031ac25d57b1abd82262f528470bcb9f0c68c528d82,ec7332a8d752b04c608ff750fe543affd6bb4fe9dca963f218347e3782cafba8,0,757581,523444,21858,12931,6906,84061,0,2122,1264,True,
bucket,NCBI491,B4,success,1403680,9080494fb18c0b0e842ea3df4b3a42a0c1063b2edb095e1896aea2083fd0cbaf,ec7332a8d752b04c608ff750fe543affd6bb4fe9dca963f218347e3782cafba8,0,751028,523444,21914,12931,6906,84061,0,2132,1264,True,
bucket,NCBI491,B16,success,1393271,3f6f87b629b877d1808a1a40f19f2d48d3c3f4b62b10e44140f11294a986d7f1,ec7332a8d752b04c608ff750fe543affd6bb4fe9dca963f218347e3782cafba8,0,740235,523444,22250,12931,6906,84061,0,2180,1264,True,
bucket,MEND124,B1,success,5604840,9d1b15f01035311b8dc6babbe3adf72e4f5a9d7cae2a52196c2597d6df39d97f,d288ce60d2ff3c78ceb48ab4be62f66b6fd9c14878418b67bbdc7fd396effd3c,0,1805815,3620551,34462,16892,11340,112389,0,2127,1264,True,
bucket,MEND124,B2,success,5603342,0953901f1fa2d7d3c8d62bdeecfc633e5cbacb4ca229b36c251658b9cb97206a,d288ce60d2ff3c78ceb48ab4be62f66b6fd9c14878418b67bbdc7fd396effd3c,0,1804283,3620551,34490,16892,11340,112389,0,2133,1264,True,
bucket,MEND124,B4,success,5588648,b7800620a0cbeb0b79e84f798d6ced92fe56b149df2fff6c5db9af4fafc22509,d288ce60d2ff3c78ceb48ab4be62f66b6fd9c14878418b67bbdc7fd396effd3c,0,1789523,3620551,34546,16892,11340,112389,0,2143,1264,True,
bucket,MEND124,B16,success,5572964,d247d56fe6b3a8a5d1826d185b1a7bdd7a00b5a993e44e67e6ad8671977cb45c,d288ce60d2ff3c78ceb48ab4be62f66b6fd9c14878418b67bbdc7fd396effd3c,0,1773456,3620551,34882,16892,11340,112389,0,2190,1264,True,
bucket,NCBI709,B1,success,1522468,3752f9ca8936b3f0d918ed05e9fcc40d272cbc38956063a1f945276803b8d4fc,6a2cecdb3f62a8e9b053ef1b32ab740590a0d48998718ab0d09b3d0221401a76,0,947560,391586,30703,13080,7932,128222,0,2121,1264,True,
bucket,NCBI709,B2,success,1522499,fd08bcaf0aef4c3463b8b23a3590d476ca54a8af47dcb6445e939d686a2fe8f9,6a2cecdb3f62a8e9b053ef1b32ab740590a0d48998718ab0d09b3d0221401a76,0,947559,391586,30731,13080,7932,128222,0,2125,1264,True,
bucket,NCBI709,B4,success,1521793,6601eeea846663f3ecd382f451eb6c6c92eddbdcc0d0f65b6951460b7d6642bd,6a2cecdb3f62a8e9b053ef1b32ab740590a0d48998718ab0d09b3d0221401a76,0,946787,391586,30787,13080,7932,128222,0,2135,1264,True,
bucket,NCBI709,B16,success,1521679,56a1155dd6b83673f8b47c9c8ead4bae7cdf017102ff2eda5544a9b16740b6fc,6a2cecdb3f62a8e9b053ef1b32ab740590a0d48998718ab0d09b3d0221401a76,0,946292,391586,31123,13080,7932,128222,0,2180,1264,True,
bucket,NCBI844,B1,success,6419801,5c30f31f98ac8049ded304868ec6d6344c3be8a5b7938215bae4236d10da8627,dd1c481338754003b3264eefd672f37e8db673d327ecb6031eb26a258cc550f6,0,3346515,2838930,28781,13746,44532,143908,0,2125,1264,True,
bucket,NCBI844,B2,success,6373304,328d49db48099fff2dd2b33d213395042031d67a83d3977d854ae6e5313a86fe,dd1c481338754003b3264eefd672f37e8db673d327ecb6031eb26a258cc550f6,0,3299984,2838930,28809,13746,44532,143908,0,2131,1264,True,
bucket,NCBI844,B4,success,6288964,77df5f1ebbfe39687ccb042721260eb0ebedad1bf5807252817406107707a5d5,dd1c481338754003b3264eefd672f37e8db673d327ecb6031eb26a258cc550f6,0,3215578,2838930,28865,13746,44532,143908,0,2141,1264,True,
bucket,NCBI844,B16,success,6205992,d7243dbfd6e754bc8420cc90416e46eb75d83f5e71146d3b3d837990aab173a9,dd1c481338754003b3264eefd672f37e8db673d327ecb6031eb26a258cc550f6,0,3132225,2838930,29201,13746,44532,143908,0,2186,1264,True,
bucket,NCBI435,B1,success,1453509,43386929f174faba07072da28f01da2228bbaef686f96c6e0bafe5b40d5a3bf2,b2571dd0eca8b8f581fa94fa52e05f62b761647eb6fe5a9364f7fa09e005c41c,0,813578,470014,25686,11850,8522,120476,0,2119,1264,True,
bucket,NCBI435,B2,success,1453323,5c50483df7375fc6170bd37fd42cadf7e062ee60452c5452edffe91947ddaa15,b2571dd0eca8b8f581fa94fa52e05f62b761647eb6fe5a9364f7fa09e005c41c,0,813359,470014,25714,11850,8522,120476,0,2124,1264,True,
bucket,NCBI435,B4,success,1450554,8dc8afbb0bf5478ee24e2cd75ae9c794b8db9f31d98772dea07f4608528ed75a,b2571dd0eca8b8f581fa94fa52e05f62b761647eb6fe5a9364f7fa09e005c41c,0,810524,470014,25770,11850,8522,120476,0,2134,1264,True,
bucket,NCBI435,B16,success,1448472,3ac7cead3f8b0c3d928ab22a7cc0bd7aa6e6c6f07c6e8b011acb242602be2265,b2571dd0eca8b8f581fa94fa52e05f62b761647eb6fe5a9364f7fa09e005c41c,0,808059,470014,26106,11850,8522,120476,0,2181,1264,True,
bucket,NCBI812,B1,success,3553130,02eb83e3853880b5e93a6628386ccce565fabce1a412f1046c8fcdf36cf53095,2b3bb8e27feac84fb7001423278c5d8aaffde95ef1376bc566bcdb7b682ee393,0,2237529,1065082,34960,14141,21705,176323,0,2126,1264,True,
bucket,NCBI812,B2,success,3552293,5b1adff06bcb044e2811564a101a0f5987725e09f188a8bc38e1363aa267d514,2b3bb8e27feac84fb7001423278c5d8aaffde95ef1376bc566bcdb7b682ee393,0,2236658,1065082,34988,14141,21705,176323,0,2132,1264,True,
bucket,NCBI812,B4,success,3548295,07178bdc14e151f9d9b621021f9154207f5478d0d83b61a3bf30e8f8fc5e87c0,2b3bb8e27feac84fb7001423278c5d8aaffde95ef1376bc566bcdb7b682ee393,0,2232595,1065082,35044,14141,21705,176323,0,2141,1264,True,
bucket,NCBI812,B16,success,3543712,aa3479efa93c13af72c2963d370d78ae5cc0f4808e3a253c60ba0bb70cc7d11f,2b3bb8e27feac84fb7001423278c5d8aaffde95ef1376bc566bcdb7b682ee393,0,2227628,1065082,35380,14141,21705,176323,0,2189,1264,True,
bucket,NCBI629,B1,success,6745770,c2f8c51a471639919ead3156b5df3b2ccac639e79a99894a4695aae4e01a6b6c,bb692ffc9f583ce689e6276a7ee2b879ff8263c146aa913718cf2ddced3af60e,0,3989464,2468161,39793,14857,31178,198925,0,2128,1264,True,
bucket,NCBI629,B2,success,6744750,8552bf5de171e2e86dc72d0eeb9286f9466c303bc4906df213b152b52dd2f6df,bb692ffc9f583ce689e6276a7ee2b879ff8263c146aa913718cf2ddced3af60e,0,3988412,2468161,39821,14857,31178,198925,0,2132,1264,True,
bucket,NCBI629,B4,success,6736969,2f4840641b913867dbfe1ec3fa9545c969b8e753dff012b5ae3cd0e886dee310,bb692ffc9f583ce689e6276a7ee2b879ff8263c146aa913718cf2ddced3af60e,0,3980567,2468161,39877,14857,31178,198925,0,2140,1264,True,
bucket,NCBI629,B16,success,6726349,5084e4510e5971f4a6246f5afcd0ccd5c94ccc216c3dcdc6215bf339425ba8c3,bb692ffc9f583ce689e6276a7ee2b879ff8263c146aa913718cf2ddced3af60e,0,3969561,2468161,40213,14857,31178,198925,0,2190,1264,True,
bucket,NCBI796,B1,success,1125710,190dcd2641c302dc68f4359724c0a3c9755bc3eab818cbffef3e5c7a8959ba49,255aae275b385a06e672d66db2f838d811cbffe5f83ebe708914084bfb2e7717,0,637834,320313,24006,12747,7539,119890,0,2117,1264,True,
bucket,NCBI796,B2,success,1125281,47523adcb4c4c73c8a55e161e105eed8089b0c7b1ee84851cefc5bc8b7508bbe,255aae275b385a06e672d66db2f838d811cbffe5f83ebe708914084bfb2e7717,0,637370,320313,24034,12747,7539,119890,0,2124,1264,True,
bucket,NCBI796,B4,success,1122184,80f774cbaaaa277bec4b53f43562e29035fb3af8bd4241c10b28803d08d67653,255aae275b385a06e672d66db2f838d811cbffe5f83ebe708914084bfb2e7717,0,634208,320313,24090,12747,7539,119890,0,2133,1264,True,
bucket,NCBI796,B16,success,1119765,c65b60d25521c1040ed1b43b2d6479f295f1d81d721d1c72a79866cd33dfe12c,255aae275b385a06e672d66db2f838d811cbffe5f83ebe708914084bfb2e7717,0,631407,320313,24426,12747,7539,119890,0,2179,1264,True,
bucket,NCBI452,B1,success,1420590,fe68f29eeac642178fc219b527b65c4a86d7039fec2f3768a8c4d14f412eda9b,37c7c1583cafba7d50fcb901e2293a4cdd89c162d1f2ad13dd5fca921e314cb3,0,612307,687907,24287,13320,3229,76158,0,2118,1264,True,
bucket,NCBI452,B2,success,1420559,207fec1a7f0d626e704927ca8ac6754695b7f7ddeb33f725afb131ff72005382,37c7c1583cafba7d50fcb901e2293a4cdd89c162d1f2ad13dd5fca921e314cb3,0,612240,687907,24315,13320,3229,76158,0,2126,1264,True,
bucket,NCBI452,B4,success,1418256,1b9b3a9ce411cf2e84e1260a388e8117ffee72265290a904eefb3aab3debd36f,37c7c1583cafba7d50fcb901e2293a4cdd89c162d1f2ad13dd5fca921e314cb3,0,609873,687907,24371,13320,3229,76158,0,2134,1264,True,
bucket,NCBI452,B16,success,1416757,6707b29f9fb0a6681ef619cfcccf9a198101941a982143bf7624d668bfab7cc3,37c7c1583cafba7d50fcb901e2293a4cdd89c162d1f2ad13dd5fca921e314cb3,0,607993,687907,24707,13320,3229,76158,0,2179,1264,True,
bucket,MEND140,B1,success,3301642,a0c85e3e9573f52d550d67975b109c8c5a7a68b849c62f441900576aa16caf44,25b80ca3e83454ad7f6cb5f791aaf5e2f9d07a09506698ce82274e108e799d8e,0,1956813,1136796,33138,14338,15688,141480,0,2125,1264,True,
bucket,MEND140,B2,success,3300149,bb1ee7ef9673952d9033fe7ed345f7e3889638ccf37ba582d123fefa9c30e667,25b80ca3e83454ad7f6cb5f791aaf5e2f9d07a09506698ce82274e108e799d8e,0,1955285,1136796,33166,14338,15688,141480,0,2132,1264,True,
bucket,MEND140,B4,success,3293537,7ecf44accfbe5083f90edbd835f88876f541db012b3940a7bdb27dc270136464,25b80ca3e83454ad7f6cb5f791aaf5e2f9d07a09506698ce82274e108e799d8e,0,1948608,1136796,33222,14338,15688,141480,0,2141,1264,True,
bucket,MEND140,B16,success,3286626,784c5b6b0d8e49b58372eba6e3fe6aa98723d98fcec60e175ba399d76dfbc91f,25b80ca3e83454ad7f6cb5f791aaf5e2f9d07a09506698ce82274e108e799d8e,0,1941315,1136796,33558,14338,15688,141480,0,2187,1264,True,
bucket,TENX50,B1,success,8413181,cea572612237184847c8d498b7e5295adc6d8f6738037a68fbc4059bcc04f7a2,bdf434ca2612f6147fac400808dc51f6adc5e8f125f113fe8bdc6e85efe39206,0,3322482,4943845,26725,12236,23258,81247,0,2124,1264,True,
bucket,TENX50,B2,success,8401517,6cdaa4a0ca48a19c396aa168a09dedc6d1e3317acde10a9f0c5a972e609380c5,bdf434ca2612f6147fac400808dc51f6adc5e8f125f113fe8bdc6e85efe39206,0,3310785,4943845,26753,12236,23258,81247,0,2129,1264,True,
bucket,TENX50,B4,success,8329924,b15ab9be7e7c29bc0dc7b5646332ae438326455629d708772793bd50c642e6e6,bdf434ca2612f6147fac400808dc51f6adc5e8f125f113fe8bdc6e85efe39206,0,3239127,4943845,26809,12236,23258,81247,0,2138,1264,True,
bucket,TENX50,B16,success,8282826,4a487554f040d6ae257dc13dd751cac53cdb3726c477685f9a504b165c36a8fa,bdf434ca2612f6147fac400808dc51f6adc5e8f125f113fe8bdc6e85efe39206,0,3191643,4943845,27145,12236,23258,81247,0,2188,1264,True,
bucket,ZEN65,B1,success,572109,de5b5d5be43783abc8acea1ccd9cce9610231caa885cdbab284026885d4c8108,d9f44f6c058a9a3bc4810c2caadfe2dda16c84bf6a9f157b6f93c90402d72ac5,0,174105,112301,26295,15488,6978,233562,0,2116,1264,True,
bucket,ZEN65,B2,success,569020,92ba5432ff479b3f5989ef25c832a7a0b242ec48f932f08faadbfc823ce78c77,d9f44f6c058a9a3bc4810c2caadfe2dda16c84bf6a9f157b6f93c90402d72ac5,0,170982,112301,26323,15488,6978,233562,0,2122,1264,True,
bucket,ZEN65,B4,success,568215,ced9f5d89fd04c23ff9e19c726d22d39653fd6331325a72e1559bd350c5f092c,d9f44f6c058a9a3bc4810c2caadfe2dda16c84bf6a9f157b6f93c90402d72ac5,0,170111,112301,26379,15488,6978,233562,0,2132,1264,True,
bucket,ZEN65,B16,success,563699,ef1d43001c7b09930093fa12eee1fe5e917e12a2cb10736fc9f5f5c40211e268,d9f44f6c058a9a3bc4810c2caadfe2dda16c84bf6a9f157b6f93c90402d72ac5,0,165211,112301,26715,15488,6978,233562,0,2180,1264,True,
bucket,MISC14,B1,success,2275800,2a27da0f6ff85200c83ce61bd58a49a4361593c2bcaf1c50671c98e8e51f58ac,e09884666b90518a6322e16c45a309438f3c2f3718d58cdf81777c97b5b87da0,0,1277541,876076,22155,12440,13301,70901,0,2122,1264,True,
bucket,MISC14,B2,success,2263254,76d4eda318096efdfe2684e6de68c4bcb54daf213089c4f1fd012d70949c0e53,e09884666b90518a6322e16c45a309438f3c2f3718d58cdf81777c97b5b87da0,0,1264961,876076,22183,12440,13301,70901,0,2128,1264,True,
bucket,MISC14,B4,success,2253239,1f1b00cc6b4bc1fa84d7f002f8c891ce2fbd4f9b15bc61fbab7868c6ff58e559,e09884666b90518a6322e16c45a309438f3c2f3718d58cdf81777c97b5b87da0,0,1254880,876076,22239,12440,13301,70901,0,2138,1264,True,
bucket,MISC14,B16,success,2222203,0c4715a18facecc64a35aa9fae1bf0c08479b36df520160326a52f94ec56f107,e09884666b90518a6322e16c45a309438f3c2f3718d58cdf81777c97b5b87da0,0,1223463,876076,22575,12440,13301,70901,0,2183,1264,True,
bucket,NCBI729,B1,success,6039414,f334a154b15fed62b59afd9cc51f093302fa339d1dde72072e2af0f66f0f2099,42d0ab57689eda1311302440338484ed0eeb4a829cc32ca3c09218ad1649c0c3,0,3017812,2826045,35446,14266,21686,120770,0,2125,1264,True,
bucket,NCBI729,B2,success,6038109,9e788e12cc20b0668dae65307f1f78df65d2cbc1d91f36f5d17fcc0a4bd4049c,42d0ab57689eda1311302440338484ed0eeb4a829cc32ca3c09218ad1649c0c3,0,3016473,2826045,35474,14266,21686,120770,0,2131,1264,True,
bucket,NCBI729,B4,success,6026361,a8085b8c332c04a9314e1a4547e4d5bf968dfee1dc9511a15743e96830a15261,42d0ab57689eda1311302440338484ed0eeb4a829cc32ca3c09218ad1649c0c3,0,3004658,2826045,35530,14266,21686,120770,0,2142,1264,True,
bucket,NCBI729,B16,success,6016027,ecaaade1dea7d3263bda1e79890f00e367f5e562239d4c47ad9bed18b7a6364a,42d0ab57689eda1311302440338484ed0eeb4a829cc32ca3c09218ad1649c0c3,0,2993941,2826045,35866,14266,21686,120770,0,2189,1264,True,
bucket,ZEN47,B1,success,5032282,2330714f18a085b9f4cac03d5385e78bb0d92dcc05e16c20c20bc2798fe41ed9,0af8141beead7097bb9b37035dcf06fdcd312d76ecd22a6f841e9c3c843df710,0,2726200,2073407,37257,14837,19001,158191,0,2125,1264,True,
bucket,ZEN47,B2,success,5027679,a483e77d88297de94a615da2aa9a0fea98205322ecd6ff7f0169f3366998bf24,0af8141beead7097bb9b37035dcf06fdcd312d76ecd22a6f841e9c3c843df710,0,2721565,2073407,37285,14837,19001,158191,0,2129,1264,True,
bucket,ZEN47,B4,success,5001683,453d995040a523182f9cf6fb27d978e2a5091b807cea0c2a562644c1c5765472,0af8141beead7097bb9b37035dcf06fdcd312d76ecd22a6f841e9c3c843df710,0,2695503,2073407,37341,14837,19001,158191,0,2139,1264,True,
bucket,ZEN47,B16,success,4981677,02652601f733c2300cf57d85112cba13fda28c08d6d24a308644bb2242324234,0af8141beead7097bb9b37035dcf06fdcd312d76ecd22a6f841e9c3c843df710,0,2675113,2073407,37677,14837,19001,158191,0,2187,1264,True,
bucket,MEND84,B1,success,924094,34316e7d990a600057bfa27b0f8c368356c5fa63dde197ed3e60aea999d0f627,c39ebc4540d9fe9214c0ce6e73aac7d417036213bf165f510edb3591bad644bf,0,562632,200913,22909,11168,10027,113063,0,2118,1264,True,
bucket,MEND84,B2,success,920143,106e73b14428c5dc1ecadb2e50314b05c080c1411c08bc704aee3461cc90993b,c39ebc4540d9fe9214c0ce6e73aac7d417036213bf165f510edb3591bad644bf,0,558647,200913,22937,11168,10027,113063,0,2124,1264,True,
bucket,MEND84,B4,success,914954,6649a2661996e5a12073ca8635655b4af62587d86e2447c07cf7c4acdda7f8de,c39ebc4540d9fe9214c0ce6e73aac7d417036213bf165f510edb3591bad644bf,0,553392,200913,22993,11168,10027,113063,0,2134,1264,True,
bucket,MEND84,B16,success,908935,3f1c14f759c831e9403c38c4188dd8d7f8bf8877047cb0c1e41f2578f1c41167,c39ebc4540d9fe9214c0ce6e73aac7d417036213bf165f510edb3591bad644bf,0,546990,200913,23329,11168,10027,113063,0,2181,1264,True,
bucket,NCBI542,B1,success,2804560,6c8ccf6866a0a5e6ea0640111b9d12a337902c5aeb07158b5b521bd7b5b05c6f,f81337f063deadbb294d73632c915f96f24d8b264a98a8b960934cf3fea23257,0,1630701,959574,28467,12573,18420,151436,0,2125,1264,True,
bucket,NCBI542,B2,success,2804403,4c902ca40b0471a90bc81222f295d4bb82af3ce3199c2b0dc493280d4211ee9c,f81337f063deadbb294d73632c915f96f24d8b264a98a8b960934cf3fea23257,0,1630511,959574,28495,12573,18420,151436,0,2130,1264,True,
bucket,NCBI542,B4,success,2804040,4f24d7224cd1d4d0d596bb6c9e9c5c2f23e6e9ec8173fb1d4260ed81b1972472,f81337f063deadbb294d73632c915f96f24d8b264a98a8b960934cf3fea23257,0,1630084,959574,28551,12573,18420,151436,0,2138,1264,True,
bucket,NCBI542,B16,success,2803406,e520cc86e88510b17698609b2b9c364eb7260ee5e3c1f2b1067e420e7edca99c,f81337f063deadbb294d73632c915f96f24d8b264a98a8b960934cf3fea23257,0,1629068,959574,28887,12573,18420,151436,0,2184,1264,True,
bucket,INT17,B1,success,5009375,6349295d4d2d6e38c0d4cbab57276b1fde8bc54ac1b226266d1266e2ab53478a,4b84c7e021f517bf24c32f24ee6db2e2fdcca5c31823183911d421b883fab1e0,0,3330727,1494302,25464,10357,30765,114373,0,2123,1264,True,
bucket,INT17,B2,success,5003229,886ffc7dcbf89fec2497867113411edcec26669c0ad0236dbf34eea48ba55173,4b84c7e021f517bf24c32f24ee6db2e2fdcca5c31823183911d421b883fab1e0,0,3324547,1494302,25492,10357,30765,114373,0,2129,1264,True,
bucket,INT17,B4,success,4982957,692401bf3a0d7aa00fc41759736b265b07c77bd1cd25b15e797d0876d4ca1d14,4b84c7e021f517bf24c32f24ee6db2e2fdcca5c31823183911d421b883fab1e0,0,3304209,1494302,25548,10357,30765,114373,0,2139,1264,True,
bucket,INT17,B16,success,4961413,ea50e34de4ddccde14948815fb605f86c711115dee5ba947aba76ac994188ff6,4b84c7e021f517bf24c32f24ee6db2e2fdcca5c31823183911d421b883fab1e0,0,3282281,1494302,25884,10357,30765,114373,0,2187,1264,True,
bucket,TENX118,B1,success,469101,f84bb51c5cb3ba4008174a89128c29343fb9f50438faaba45cb2eaa4fc66c595,36b7026375a66b2643471d8a91437a9be862a46b909b9a25db060c9014f34697,0,98681,323607,1122,4275,19211,18829,0,2112,1264,True,
bucket,TENX118,B2,success,466364,2c846599379615b2dd35b365cb13f884b80ca40dfa15309f00d0515912d8f445,36b7026375a66b2643471d8a91437a9be862a46b909b9a25db060c9014f34697,0,95910,323607,1150,4275,19211,18829,0,2118,1264,True,
bucket,TENX118,B4,success,461815,48b4e28cab6f82c4af1c844e3f4348ebaa3bf728684ea74e7a52920d36ea0da0,36b7026375a66b2643471d8a91437a9be862a46b909b9a25db060c9014f34697,0,91296,323607,1206,4275,19211,18829,0,2127,1264,True,
bucket,TENX118,B16,success,459673,7f949daa5eb59158bec85a032e66a72db9c7f1d8b853bb8ab9167d7ab0f8f71e,36b7026375a66b2643471d8a91437a9be862a46b909b9a25db060c9014f34697,0,88771,323607,1542,4275,19211,18829,0,2174,1264,True,
bucket,TENX96,B1,success,1355585,3241ba89e324e1e6d5f9d00eb6ba16a773159541a79cc844301f7a9124576d5f,42851a9332b875dcad2bda50de61a56ff8460c9379b8808736ae500fec50a544,0,266933,998417,1125,4543,48098,33091,0,2114,1264,True,
bucket,TENX96,B2,success,1352243,3494c7cb72adbf283260e4cb9095460e99836173697278363d0b30c5b63a07b2,42851a9332b875dcad2bda50de61a56ff8460c9379b8808736ae500fec50a544,0,263559,998417,1153,4543,48098,33091,0,2118,1264,True,
bucket,TENX96,B4,success,1336195,caed9d9b4fc18455dab952edbbd361b981eb587b55f7920c26fab99c4ef34ce8,42851a9332b875dcad2bda50de61a56ff8460c9379b8808736ae500fec50a544,0,247442,998417,1209,4543,48098,33091,0,2131,1264,True,
bucket,TENX96,B16,success,1328813,0312bd876f524f552e19a2910da5cdbeac42133c8c01d48ddb1923f3ed02b17b,42851a9332b875dcad2bda50de61a56ff8460c9379b8808736ae500fec50a544,0,239677,998417,1545,4543,48098,33091,0,2178,1264,True,
bucket,TENX135,B1,success,795159,dc23b7d1015cd7bbc7981d23deaec309e5046fc9cb414cdab0d70a36f4c86bae,8bca49c20b3d4c4a8991f8777b30860ea2578e358275ece93225a944ea303607,0,241303,465541,1094,4410,44848,34585,0,2114,1264,True,
bucket,TENX135,B2,success,794467,1bd0f92a3e144154ed66ea16064f68021d234e48c52b2730766990006f86dac5,8bca49c20b3d4c4a8991f8777b30860ea2578e358275ece93225a944ea303607,0,240578,465541,1122,4410,44848,34585,0,2119,1264,True,
bucket,TENX135,B4,success,792051,3163fd7500c680500863ab52712d1d682f9addcc7549f9a178e40ef659100efe,8bca49c20b3d4c4a8991f8777b30860ea2578e358275ece93225a944ea303607,0,238097,465541,1178,4410,44848,34585,0,2128,1264,True,
bucket,TENX135,B16,success,784581,0aed12adf2711a3b8f18fd474ac1a6bc5c2096164a53a4ccdba17056df2ec05c,8bca49c20b3d4c4a8991f8777b30860ea2578e358275ece93225a944ea303607,0,230243,465541,1514,4410,44848,34585,0,2176,1264,True,
bucket,TENX110,B1,success,4081107,1ccf382a38996be5cf7b085a0fbe5647b5ac5d7f99c7dbf323e71ffd17f9e231,1d6fafcd9b34787e3186308c8ee2ffa0cbb487a6c5b7b150a019f2c274df3300,0,922502,2854195,1128,4506,178845,116548,0,2119,1264,True,
bucket,TENX110,B2,success,4080289,61becfaaa6237284e0df313d6897d3cdaf69a2ffe5985df7dc4f4dad7ed6eb28,1d6fafcd9b34787e3186308c8ee2ffa0cbb487a6c5b7b150a019f2c274df3300,0,921649,2854195,1156,4506,178845,116548,0,2126,1264,True,
bucket,TENX110,B4,success,4048297,203d3d1ebf9de229f1c8f6233c355f84220885766d3766fc3318bcca83b1c510,1d6fafcd9b34787e3186308c8ee2ffa0cbb487a6c5b7b150a019f2c274df3300,0,889592,2854195,1212,4506,178845,116548,0,2135,1264,True,
bucket,TENX110,B16,success,4026842,110600ff18181e5e14931be261a88a7a5cfbcc62eb225144b8389a202e1da107,1d6fafcd9b34787e3186308c8ee2ffa0cbb487a6c5b7b150a019f2c274df3300,0,867752,2854195,1548,4506,178845,116548,0,2184,1264,True,
bucket,TENX124,B1,success,1606013,899e7ab6f0a24fa32347cadd7f9a057c37498cd3a92c1460cbe3f7c32f67b30b,9bb86d000e22b1537392271dd23f95bc17dc1e780ba6a9d2b545c9a5869dd907,0,330534,1142556,1103,4220,68957,55263,0,2116,1264,True,
bucket,TENX124,B2,success,1597073,297e5f1bd8a13160d1b4d243795ce6a063372c82c79765bf761d2176295f4a0d,9bb86d000e22b1537392271dd23f95bc17dc1e780ba6a9d2b545c9a5869dd907,0,321561,1142556,1131,4220,68957,55263,0,2121,1264,True,
bucket,TENX124,B4,success,1593132,8c8cfd2b904bbb308a136c388e4ee2e387ed6002f983f4c997c14c01df48910a,9bb86d000e22b1537392271dd23f95bc17dc1e780ba6a9d2b545c9a5869dd907,0,317552,1142556,1187,4220,68957,55263,0,2133,1264,True,
bucket,TENX124,B16,success,1580120,19c17a84d1503b89fe8b3580d8eec43c5dd04fa2646c7e4875955cb6ba93829f,9bb86d000e22b1537392271dd23f95bc17dc1e780ba6a9d2b545c9a5869dd907,0,304158,1142556,1523,4220,68957,55263,0,2179,1264,True,
bucket,TENX127,B1,success,794271,557f219c8d81bee64feef0d1438f51c4f67eba9bf260afa56454f14430ab8304,cb61edaaa3355bb0dc1ab90954f7575170e9e60077947a26b1cf58db5de30d3f,0,158450,575439,1115,4925,25686,25278,0,2114,1264,True,
bucket,TENX127,B2,success,793442,f2bc76116a3c44ca48fb2343373bdefd6ced8c8a036d4acfb91048154baa3b39,cb61edaaa3355bb0dc1ab90954f7575170e9e60077947a26b1cf58db5de30d3f,0,157588,575439,1143,4925,25686,25278,0,2119,1264,True,
bucket,TENX127,B4,success,783150,4ebf55395ef512ecc18ba07bfd81d44dc56c41fd3ae60059cb57b279fbf4f02b,cb61edaaa3355bb0dc1ab90954f7575170e9e60077947a26b1cf58db5de30d3f,0,147230,575439,1199,4925,25686,25278,0,2129,1264,True,
bucket,TENX127,B16,success,780250,be1f7d9a5b8cf5da7efcde0b34130d9b267b8f803f5021d5f0d7c650917e5d16,cb61edaaa3355bb0dc1ab90954f7575170e9e60077947a26b1cf58db5de30d3f,0,143948,575439,1535,4925,25686,25278,0,2175,1264,True,
bucket,TENX126,B1,success,360778,43347053d55d24f09b9705affbbd353e1fd7b07e95505f1c0161e27f12444265,cd3ee486f5dfe2eb20b6439632eba1f1f0000cf2b34d7a74ae59ba57780cdd59,0,87000,239820,1147,4424,13314,11698,0,2111,1264,True,
bucket,TENX126,B2,success,359817,253afa7d15ed9ebc46ca93b3f1413cd550963596ff85423f1571e1ef43142165,cd3ee486f5dfe2eb20b6439632eba1f1f0000cf2b34d7a74ae59ba57780cdd59,0,86005,239820,1175,4424,13314,11698,0,2117,1264,True,
bucket,TENX126,B4,success,355613,77816096ab7336b39343c8652a2bc0e8adda49dfac9a742738bae8284327fac4,cd3ee486f5dfe2eb20b6439632eba1f1f0000cf2b34d7a74ae59ba57780cdd59,0,81736,239820,1231,4424,13314,11698,0,2126,1264,True,
bucket,TENX126,B16,success,353660,953a5492ba3e8ebaabe356edc09074c1ca15a33d4ebcd904a2435a11bfe4a659,cd3ee486f5dfe2eb20b6439632eba1f1f0000cf2b34d7a74ae59ba57780cdd59,0,79398,239820,1567,4424,13314,11698,0,2175,1264,True,
bucket,TENX136,B1,success,1136723,be9f5d27c7e0cb5fb4ae22ace0c983edc770c4851266b0311806a2667d04a212,593dd98a0d576d2e25f68198ffb9d0c3bf4b39f6214be2a23492607e83eb346f,0,338729,699019,1124,4429,50563,39480,0,2115,1264,True,
bucket,TENX136,B2,success,1136697,4c87b1fdfa33c923b4cd058dfc5cd06bfc8091b70d2956ed6fcd0ae9064c575e,593dd98a0d576d2e25f68198ffb9d0c3bf4b39f6214be2a23492607e83eb346f,0,338670,699019,1152,4429,50563,39480,0,2120,1264,True,
bucket,TENX136,B4,success,1126202,4396985473ed356a484e0714ac6338508512dc750aeb0051bdb61d681b7d38c2,593dd98a0d576d2e25f68198ffb9d0c3bf4b39f6214be2a23492607e83eb346f,0,328111,699019,1208,4429,50563,39480,0,2128,1264,True,
bucket,TENX136,B16,success,1119836,0086c1e0df8bfd0c93dc4e89682d02c8ab7f1f32ffca0e659f7464c8fc61baff,593dd98a0d576d2e25f68198ffb9d0c3bf4b39f6214be2a23492607e83eb346f,0,321359,699019,1544,4429,50563,39480,0,2178,1264,True,
bucket,TENX117,B1,success,303948,140c88432912d6dc216ee484590305b6fd7f4f79946c73a985940fb655a29aa9,8b70c48d556be8358686f83ee7c5f65d9bba8fd3c544a64686d1da520073fff8,0,56149,217027,1086,4564,11084,10664,0,2110,1264,True,
bucket,TENX117,B2,success,303473,4f79b05e96a3c5902960f799fc9c38bf3fbc46406c215439fc38d049baa23870,8b70c48d556be8358686f83ee7c5f65d9bba8fd3c544a64686d1da520073fff8,0,55641,217027,1114,4564,11084,10664,0,2115,1264,True,
bucket,TENX117,B4,success,301419,78809c4923579c5b622b68d1cb926ff4e330a38fa85a127e08dd1fe66980bc28,8b70c48d556be8358686f83ee7c5f65d9bba8fd3c544a64686d1da520073fff8,0,53520,217027,1170,4564,11084,10664,0,2126,1264,True,
bucket,TENX117,B16,success,299492,263c67a4781771a616e31f37aff8f5886691deb29b4a2d6cbc36cc4d30cc5533,8b70c48d556be8358686f83ee7c5f65d9bba8fd3c544a64686d1da520073fff8,0,51209,217027,1506,4564,11084,10664,0,2174,1264,True,
bucket,TENX137,B1,success,908607,96237eaf784017dac93ccc5fe268b11db341c34a793891fc3c5a21c3b16f19f4,d47ac47cb80375f3efad771b69d3b500b41e0e77c9dcb5f3f71e8426a90c332e,0,245304,552162,1061,4170,56773,45761,0,2112,1264,True,
bucket,TENX137,B2,success,907710,0353b0bd718aaee890c1dd092f7fe90e1f200802dac57ed117b9d62fce724840,d47ac47cb80375f3efad771b69d3b500b41e0e77c9dcb5f3f71e8426a90c332e,0,244372,552162,1089,4170,56773,45761,0,2119,1264,True,
bucket,TENX137,B4,success,906755,5141affeadfce73381b76c5eddc5569078addc06a8c383b25c4463d5eba964d6,d47ac47cb80375f3efad771b69d3b500b41e0e77c9dcb5f3f71e8426a90c332e,0,243350,552162,1145,4170,56773,45761,0,2130,1264,True,
bucket,TENX137,B16,success,900705,1b438e4c4484a25f41b087ed5ccf94ca2697155766707d848e3ee4336c6b4c44,d47ac47cb80375f3efad771b69d3b500b41e0e77c9dcb5f3f71e8426a90c332e,0,236918,552162,1481,4170,56773,45761,0,2176,1264,True,
bucket,TENX111,B1,success,1393497,5c486e6b01a21156019fec2a1e2b4b1e2f76468cda28bc2ba894627be5939501,7d29a58122b6580d11aa116ebeb16894a089b6df24216a70b98df73b3176fd25,0,250915,1059216,1142,4602,38929,35313,0,2116,1264,True,
bucket,TENX111,B2,success,1391285,65c3d0d3b240eed11d27a5ce1ab53b55b30e557435529a518d14335b3164abe3,7d29a58122b6580d11aa116ebeb16894a089b6df24216a70b98df73b3176fd25,0,248671,1059216,1170,4602,38929,35313,0,2120,1264,True,
bucket,TENX111,B4,success,1374475,243ce46b787d47fa653828bdaae3e88b7c61da0397c41157a1c59fe3afdfc9c1,7d29a58122b6580d11aa116ebeb16894a089b6df24216a70b98df73b3176fd25,0,231795,1059216,1226,4602,38929,35313,0,2130,1264,True,
bucket,TENX111,B16,success,1367739,3ee5473345b4be40c3f6cf845843b10b1fa7a33b65a1faec46ea70f71a5d9ccb,7d29a58122b6580d11aa116ebeb16894a089b6df24216a70b98df73b3176fd25,0,224674,1059216,1562,4602,38929,35313,0,2179,1264,True,
bucket,TENX131,B1,success,869568,d2fee956df47237f6ea70df705a0dc4a3c66f31a25d0175d12607ffbad0202dc,52676af58ccc9b9703d82f2db34893feca5dc50d5329d37b02a3e27206d3b222,0,652327,111771,18312,8146,10633,64998,0,2117,1264,True,
bucket,TENX131,B2,success,869197,1e4b3254a4d59d7e113ae19a39847e3fc68b499ee9aac362cbaa6dc86ab4aab6,52676af58ccc9b9703d82f2db34893feca5dc50d5329d37b02a3e27206d3b222,0,651921,111771,18340,8146,10633,64998,0,2124,1264,True,
bucket,TENX131,B4,success,868928,5fdfa0fb4c5f922739f2d7a479ac3442a579c144b841a33e36c74c6be42ce22c,52676af58ccc9b9703d82f2db34893feca5dc50d5329d37b02a3e27206d3b222,0,651587,111771,18396,8146,10633,64998,0,2133,1264,True,
bucket,TENX131,B16,success,868470,33975e5d3106195bf44f5ccdd371546898288e7563596e5e88990fd180166172,52676af58ccc9b9703d82f2db34893feca5dc50d5329d37b02a3e27206d3b222,0,650747,111771,18732,8146,10633,64998,0,2179,1264,True,
bucket,TENX129,B1,success,1134273,4ec31108ed43201e9aef9a1dbf873621cf4d3e12a4cc41a3362a5a5aa5764993,a36bc0f99ee31ebc6541a0e46d17cd29327b2e061e61ec51af73766dd3d39f8b,0,840206,184393,19728,8692,11282,66589,0,2119,1264,True,
bucket,TENX129,B2,success,1134120,dae1e30cd79222d9d242298c5b219eb8bd87b9aba3b0ed39e84ab5b6f91893a8,a36bc0f99ee31ebc6541a0e46d17cd29327b2e061e61ec51af73766dd3d39f8b,0,840020,184393,19756,8692,11282,66589,0,2124,1264,True,
bucket,TENX129,B4,success,1134049,6a1d49edef25f58702387d56254c06fac2ad005037c30bc9d92ace911225641c,a36bc0f99ee31ebc6541a0e46d17cd29327b2e061e61ec51af73766dd3d39f8b,0,839884,184393,19812,8692,11282,66589,0,2133,1264,True,
bucket,TENX129,B16,success,1134173,e7c2db2b697c522b12423e3a4e1fc57ff9a152bd2aa42c6acb6aa30c3dc29675,a36bc0f99ee31ebc6541a0e46d17cd29327b2e061e61ec51af73766dd3d39f8b,0,839624,184393,20148,8692,11282,66589,0,2181,1264,True,
bucket,TENX128,B1,success,1918471,7008a3688f0af3b44442a575b3b69b75b5d11d5c0521f0b88ed7a819624bb8c3,ef91c140a35bba1f899e4ae957f65771e2d0cf7e06ea50c2863d5f2d09115858,0,1438666,364280,21525,9453,13554,67610,0,2119,1264,True,
bucket,TENX128,B2,success,1915865,87f175f70187d1b7d19f740116f4e90584690e1974db124ffdf8a3468c51517a,ef91c140a35bba1f899e4ae957f65771e2d0cf7e06ea50c2863d5f2d09115858,0,1436027,364280,21553,9453,13554,67610,0,2124,1264,True,
bucket,TENX128,B4,success,1914688,4d124772b388aac144035d5a4b64d3b9ea4ddaf085d09e3766771f72b059dcc1,ef91c140a35bba1f899e4ae957f65771e2d0cf7e06ea50c2863d5f2d09115858,0,1434784,364280,21609,9453,13554,67610,0,2134,1264,True,
bucket,TENX128,B16,success,1908532,bf5745cd463b0df0d5e3ee3801894ed56dc622705140f396ea4ed389446c055e,ef91c140a35bba1f899e4ae957f65771e2d0cf7e06ea50c2863d5f2d09115858,0,1428245,364280,21945,9453,13554,67610,0,2181,1264,True,
bucket,NCBI180,B8,historical_anchor_semantic_audit,,,,,,,,,,,,,,,
bucket,SPA58,B8,historical_anchor_semantic_audit,,,,,,,,,,,,,,,
bucket,SPA37,B8,historical_anchor_semantic_audit,,,,,,,,,,,,,,,
bucket,NCBI383,B8,historical_anchor_semantic_audit,,,,,,,,,,,,,,,
bucket,MEND24,B8,historical_anchor_semantic_audit,,,,,,,,,,,,,,,
bucket,SPA8,B8,historical_anchor_semantic_audit,,,,,,,,,,,,,,,
bucket,NCBI761,B8,historical_anchor_semantic_audit,,,,,,,,,,,,,,,
bucket,NCBI289,B8,historical_anchor_semantic_audit,,,,,,,,,,,,,,,
bucket,SPA149,B8,historical_anchor_semantic_audit,,,,,,,,,,,,,,,
bucket,NCBI410,B8,historical_anchor_semantic_audit,,,,,,,,,,,,,,,
bucket,MEND23,B8,historical_anchor_semantic_audit,,,,,,,,,,,,,,,
bucket,NCBI299,B8,historical_anchor_semantic_audit,,,,,,,,,,,,,,,
bucket,NCBI770,B8,historical_anchor_semantic_audit,,,,,,,,,,,,,,,
bucket,NCBI337,B8,historical_anchor_semantic_audit,,,,,,,,,,,,,,,
bucket,SPA33,B8,historical_anchor_semantic_audit,,,,,,,,,,,,,,,
bucket,NCBI176,B8,historical_anchor_semantic_audit,,,,,,,,,,,,,,,
bucket,SPA96,B8,historical_anchor_semantic_audit,,,,,,,,,,,,,,,
bucket,SPA14,B8,historical_anchor_semantic_audit,,,,,,,,,,,,,,,
bucket,NCBI491,B8,historical_anchor_semantic_audit,,,,,,,,,,,,,,,
bucket,MEND124,B8,historical_anchor_semantic_audit,,,,,,,,,,,,,,,
bucket,NCBI709,B8,historical_anchor_semantic_audit,,,,,,,,,,,,,,,
bucket,NCBI844,B8,historical_anchor_semantic_audit,,,,,,,,,,,,,,,
bucket,NCBI435,B8,historical_anchor_semantic_audit,,,,,,,,,,,,,,,
bucket,NCBI812,B8,historical_anchor_semantic_audit,,,,,,,,,,,,,,,
bucket,NCBI629,B8,historical_anchor_semantic_audit,,,,,,,,,,,,,,,
bucket,NCBI796,B8,historical_anchor_semantic_audit,,,,,,,,,,,,,,,
bucket,NCBI452,B8,historical_anchor_semantic_audit,,,,,,,,,,,,,,,
bucket,MEND140,B8,historical_anchor_semantic_audit,,,,,,,,,,,,,,,
bucket,TENX50,B8,historical_anchor_semantic_audit,,,,,,,,,,,,,,,
bucket,ZEN65,B8,historical_anchor_semantic_audit,,,,,,,,,,,,,,,
bucket,MISC14,B8,historical_anchor_semantic_audit,,,,,,,,,,,,,,,
bucket,NCBI729,B8,historical_anchor_semantic_audit,,,,,,,,,,,,,,,
bucket,ZEN47,B8,historical_anchor_semantic_audit,,,,,,,,,,,,,,,
bucket,MEND84,B8,historical_anchor_semantic_audit,,,,,,,,,,,,,,,
bucket,NCBI542,B8,historical_anchor_semantic_audit,,,,,,,,,,,,,,,
bucket,INT17,B8,historical_anchor_semantic_audit,,,,,,,,,,,,,,,
bucket,TENX118,B8,historical_anchor_semantic_audit,,,,,,,,,,,,,,,
bucket,TENX96,B8,historical_anchor_semantic_audit,,,,,,,,,,,,,,,
bucket,TENX135,B8,historical_anchor_semantic_audit,,,,,,,,,,,,,,,
bucket,TENX110,B8,historical_anchor_semantic_audit,,,,,,,,,,,,,,,
bucket,TENX124,B8,historical_anchor_semantic_audit,,,,,,,,,,,,,,,
bucket,TENX127,B8,historical_anchor_semantic_audit,,,,,,,,,,,,,,,
bucket,TENX126,B8,historical_anchor_semantic_audit,,,,,,,,,,,,,,,
bucket,TENX136,B8,historical_anchor_semantic_audit,,,,,,,,,,,,,,,
bucket,TENX117,B8,historical_anchor_semantic_audit,,,,,,,,,,,,,,,
bucket,TENX137,B8,historical_anchor_semantic_audit,,,,,,,,,,,,,,,
bucket,TENX111,B8,historical_anchor_semantic_audit,,,,,,,,,,,,,,,
bucket,TENX131,B8,historical_anchor_semantic_audit,,,,,,,,,,,,,,,
bucket,TENX129,B8,historical_anchor_semantic_audit,,,,,,,,,,,,,,,
bucket,TENX128,B8,historical_anchor_semantic_audit,,,,,,,,,,,,,,,
