sample_id,support_delta_at_V1_S0_minus_S1,value_context_delta_at_S1_V0_minus_V1,interaction,S0V0,S1V0,S0V1,S1V1
INT17,116456,71511,-30965,5124324,5038833,5083778,4967322
MEND124,52184,117544,-11540,5735856,5695212,5629852,5577668
MEND140,31997,28485,-15888,3333035,3316926,3320438,3288441
MEND23,2707,119,-791,309346,307430,310018,307311
MEND24,3630,1916,-908,414770,412048,413762,410132
MEND84,43452,7522,-10227,950985,917760,953690,910238
MISC14,349323,93923,-13501,2660786,2324964,2580364,2231041
NCBI176,78,-664,-2423,238010,240355,241097,241019
NCBI180,77,-646,-2458,254296,256677,257400,257323
NCBI289,449,-830,-1157,154694,155402,156681,156232
NCBI299,82,-988,-843,179041,179802,180872,180790
NCBI337,626,-646,-1392,491126,491892,493164,492538
NCBI383,2599,3329,-4009,1040332,1041742,1041012,1038413
NCBI410,2246,1556,-1103,436601,435458,436148,433902
NCBI435,7726,9879,-8721,1457742,1458737,1456584,1448858
NCBI452,7308,6551,-3428,1427524,1423644,1424401,1417093
NCBI491,88414,37366,-7105,1514662,1433353,1484401,1395987
NCBI542,2239,9968,-18620,2796927,2813308,2805579,2803340
NCBI629,28762,40984,-31378,6768456,6771072,6758850,6730088
NCBI709,1378,2275,-8131,1516947,1523700,1522803,1521425
NCBI729,39579,55532,-21886,6092346,6074653,6058700,6019121
NCBI761,15835,3507,-4110,423730,412005,424333,408498
NCBI770,44327,18483,-4490,1207011,1167174,1193018,1148691
NCBI796,10995,6469,-7738,1129857,1126600,1131126,1120131
NCBI812,17658,15781,-21905,3556300,3560547,3562424,3544766
NCBI844,843690,404385,-44732,7429561,6630603,7069908,6226218
SPA14,698,443,-1997,672658,673957,674212,673514
SPA149,6840,5847,-2599,655396,651155,652148,645308
SPA33,1699,-719,-1732,430327,430360,432778,431079
SPA37,1502,-865,-1303,413595,413396,415763,414261
SPA58,946,1087,-3574,587482,590110,589969,589023
SPA8,-41,-497,-1681,580222,581944,582400,582441
SPA96,3803,987,-3485,494507,494189,497005,493202
TENX110,629550,387070,-179046,4869151,4418647,4661127,4031577
TENX111,108617,81296,-39129,1519591,1450103,1477424,1368807
TENX117,47432,18870,-11284,354527,318379,346941,299509
TENX118,61482,22245,-19411,524420,482349,521586,460104
TENX124,342712,130590,-69157,1987100,1713545,1925667,1582955
TENX126,19679,12649,-13514,372685,366520,373550,353871
TENX127,93153,31609,-25886,879887,812620,874164,781011
TENX128,35213,2033,-13754,1933673,1912214,1945394,1910181
TENX129,850,-991,-11482,1122320,1132952,1134793,1133943
TENX131,3664,321,-10833,861565,868734,872077,868413
TENX135,135276,52300,-45048,928868,838640,921616,786340
TENX136,88706,79350,-50763,1238466,1200523,1209879,1121173
TENX137,221837,68657,-56973,1135758,970894,1124074,902237
TENX50,263627,222761,-23458,8758489,8518320,8559186,8295559
TENX96,101497,92901,-48298,1476249,1423050,1431646,1330149
ZEN47,109191,91885,-19201,5169372,5079382,5096688,4987497
ZEN65,149180,191,-7177,707512,565509,714498,565318
POOLED,4140930,2233331,-940234,,,,
