figure,arm,n,pooled_total_bytes,mean_total_bytes
order,ORIGINAL,50,88883108,1777662.16
order,CANONICAL_SPATIAL,50,89275120,1785502.4
order,RANDOM_SEED_11,50,89949967,1798999.34
order,RANDOM_SEED_23,50,89938768,1798775.36
order,RANDOM_SEED_37,50,89935877,1798717.54
context,S0V0,50,94318085,1886361.7
context,S1V0,50,91117389,1822347.78
context,S0V1,50,93024988,1860499.76
context,S1V1,50,88884058,1777681.16
bucket,B1,50,89693114,1793862.28
bucket,B2,50,89565143,1791302.86
bucket,B4,50,89165221,1783304.42
bucket,B8,50,88884058,1777681.16
bucket,B16,50,88793409,1775868.18