figure,x,pooled_total_bytes
bucket,B8,88884058
bucket,B16,88793409
bucket,B32,88784525
b32_support_width,M4,89116182
b32_support_width,M6,88784525
b32_support_width,M8,88976068
b32_value_context,MV0,91014526
b32_value_context,MV2,89579296
b32_value_context,MV4,89238491
b32_value_context,MV6,88773345
b32_value_context,MV8,89508169
b32_value_context,MV12,90115068
b16_value_context,MV0,91023465
b16_value_context,MV2,89588235
b16_value_context,MV4,89247430
b16_value_context,MV6,88782284
b16_value_context,MV8,89517108
b16_value_context,MV12,90124007
