stage,sample_id,arm,status,verify_all,archive_sha256,total_archive_bytes,support_stream,value_stream,support_model,value_model_and_group_map,graph_index,identity_coordinates_metadata,mapping,manifest,zip_framing
bucket,NCBI180,B32,success,True,71f7fa36821a920ba4055b0f530aaeb17948fe7bbb8c8ffcb47f9fb520371623,258127,150460,28520,13083,6296,2259,54010,0,2235,1264
bucket,SPA58,B32,success,True,56afca85590a480b8b740aadc47f9ede49814b6ac8219c7283bdc1cdc34de219,589728,349573,145392,18446,9702,3375,59738,0,2238,1264
bucket,SPA37,B32,success,True,86560c496b8ab41fad83a71bcbd93435695b29cd20752689f7be6e25a72a6cf2,415064,171281,76875,23866,11751,1104,126685,0,2238,1264
bucket,NCBI383,B32,success,True,428dacc8062fbd16d924a6cd1b8dac8a0a84d5c7bcff8f938ccbeef97d92bbc3,1038840,552414,367209,20472,9304,3810,82129,0,2238,1264
bucket,MEND24,B32,success,True,ca24def2d6d57ba9b4e40c26c8c62cbf4f3259abebe5aa1d093a7c76d56d857f,410667,168463,111055,21884,12355,710,92699,0,2237,1264
bucket,SPA8,B32,success,True,ef3c737abbe5b9092497cd173554ce0d0aef32f65f7aeb9dc9e0070619d1a77a,583253,250517,250236,15484,8734,1482,53296,0,2240,1264
bucket,NCBI761,B32,success,True,f7d8f385de4a1c8c07866d0ae724c9f52b444bb726a14ec0e9a67d897b63deb2,408347,247164,76910,15012,8527,3911,53322,0,2237,1264
bucket,NCBI289,B32,success,True,a329bf0ad088273b8e81c0df46d261bcc1ff8edbbee6ed52e4887d73cbdbdbaa,156997,70102,20341,10245,7245,959,44612,0,2229,1264
bucket,SPA149,B32,success,True,0f1ca7ef80ef24d0fe522915fe3afebc8047691400f248577b56abed054f4233,645613,334795,227846,17739,9401,2400,49930,0,2238,1264
bucket,NCBI410,B32,success,True,20952d4a5e2ea4151017821be198bc70ad127b2a3347e3e952875331c86d85ce,434574,167771,160644,16394,9979,905,75380,0,2237,1264
bucket,MEND23,B32,success,True,2d1e943fd3f42247f72494c6f067c246f642464d71d9a98d831c88a20f62dfd7,307725,125906,65148,18732,11123,593,82723,0,2236,1264
bucket,NCBI299,B32,success,True,40a5e300416a48777d1aa9b43e4c8643415bd3ccda1ee5fe232ac533db12fb99,181597,80621,34453,10548,7526,645,44309,0,2231,1264
bucket,NCBI770,B32,success,True,bac95b415757f9a6cc8f49dadf47213831247dfc86681d4ca0399dee4f52dbf0,1146913,619530,428196,20720,10815,4291,59857,0,2240,1264
bucket,NCBI337,B32,success,True,dad8d3d4721c8d4903d58e994e5a553db4af25d220e815e3bf7866b4d785bc8d,493353,205383,179969,17590,9582,1193,76133,0,2239,1264
bucket,SPA33,B32,success,True,aa97709158605e8c2e8c1b8d1e8713b81851bb6bcf89f1f8ecae8b2370dd27dc,431841,186365,79334,22949,11223,1533,126936,0,2237,1264
bucket,NCBI176,B32,success,True,1b02647ecc3701b84486e46b0370f898e3068d907ed16d75e0def67c47fa278c,241819,139778,24975,12662,6073,2224,52608,0,2235,1264
bucket,SPA96,B32,success,True,763a448a00e8a41351792395a7b62f8bc0b591f7b1eab77e325f885fd63c42c9,493709,293205,106036,17706,9385,3286,60591,0,2236,1264
bucket,SPA14,B32,success,True,edf3aefab6180a34280c6207b3626dc759d7eec986ae3db8b9b741396819b54b,674247,302705,284377,16471,9406,1798,55989,0,2237,1264
bucket,NCBI491,B32,success,True,c2d40286b5a9ec189c7ecfed83575e17c83375cecbfc180e4fe1d510d7b962e6,1392826,739282,523444,22698,12931,6906,84061,0,2240,1264
bucket,MEND124,B32,success,True,ce6edf5392a99865a3f81410f2a965e0aafeaa59de269d1b9911028ad35ccc33,5571783,1771767,3620551,35330,16892,11340,112389,0,2250,1264
bucket,NCBI709,B32,success,True,698b2fc2984e467f2c5562c1dbbd3f742e0ac5ed468a2e8c2aea4b1e04816e0d,1522161,946265,391586,31571,13080,7932,128222,0,2241,1264
bucket,NCBI844,B32,success,True,4b88132c8699e6f8e75cc291a8061f40d1332c88f461260badb4f28522ff9252,6200678,3126401,2838930,29649,13746,44532,143908,0,2248,1264
bucket,NCBI435,B32,success,True,1931301968868014f291b0a48eab092fa44f3647024c65497f79fa5085e71f82,1448709,807790,470014,26554,11850,8522,120476,0,2239,1264
bucket,NCBI812,B32,success,True,f7da6522870f67a3459ae0af72476130122df43e99ba8d12f6724963d8fb9aa9,3543790,2227198,1065082,35828,14141,21705,176323,0,2249,1264
bucket,NCBI629,B32,success,True,8fb6507f053770d3bb1415d60aedaa23263fc352848dec624e11a05745270ab7,6725045,3967749,2468161,40661,14857,31178,198925,0,2250,1264
bucket,NCBI796,B32,success,True,b976f22cd2d195bfc466259a04ed8d6824b63697ab3428eb76a1274cfd79e3c5,1120056,631191,320313,24874,12747,7539,119890,0,2238,1264
bucket,NCBI452,B32,success,True,303b28a4cfa015a3671ae5f0bf8b92e2c354798171025b92270cf5bc319a287d,1417076,607803,687907,25155,13320,3229,76158,0,2240,1264
bucket,MEND140,B32,success,True,5941f032bac34e36e08fe77cdf218d636f77e89de387352c671754e47e1d9c8e,3286500,1940681,1136796,34006,14338,15688,141480,0,2247,1264
bucket,TENX50,B32,success,True,7a109df7e412cd82e41663c5803746882c0e4397077bbdaf6efc4e9e5dc2b96c,8279199,3187509,4943845,27593,12236,23258,81247,0,2247,1264
bucket,ZEN65,B32,success,True,5480e4a93b86fcfb88e1376ab2730e5b98318eb40a8031ea25c3394c7711aac6,563598,164603,112301,27163,15488,6978,233562,0,2239,1264
bucket,MISC14,B32,success,True,8d8335f33b200b67004c14135477b0b0d20b55e0af528b9c604cdd88a5e9b358,2219794,1220545,876076,23023,12440,13301,70901,0,2244,1264
bucket,NCBI729,B32,success,True,85f7003f4bd1f9396d82a1a4993ee80461df7c4a72849634b4e05078f5689f48,6015466,2992873,2826045,36314,14266,21686,120770,0,2248,1264
bucket,ZEN47,B32,success,True,c4474521901aa8dd58d38e9ff38f71aa7711cf3323568e7fdf8b5192b2d77a0d,4980268,2673196,2073407,38125,14837,19001,158191,0,2247,1264
bucket,MEND84,B32,success,True,46a072c1da5861b2889cb84e5c846671a227b36994fea338a85e361fc02a1c1b,908969,546515,200913,23777,11168,10027,113063,0,2242,1264
bucket,NCBI542,B32,success,True,43f21ce9c2faa5d985fc94d50d89d132440576d24fc2b94fa4fe2486dbd4f81d,2803828,1628981,959574,29335,12573,18420,151436,0,2245,1264
bucket,INT17,B32,success,True,961a7102c78d7f5be6cf91f4f8dd9feb416aa9b99ea852721929bccd1eca38ab,4960025,3280386,1494302,26332,10357,30765,114373,0,2246,1264
bucket,TENX118,B32,success,True,6ecc981fc9fc50d5c21dd2e5c2fd8e26ea068148dadd1ef62e8ca0fdd384242c,459855,88444,323607,1990,4275,19211,18829,0,2235,1264
bucket,TENX96,B32,success,True,66b012ad33ad73c719982658e1c9408f9f5b28a9bede906d4fab4c7a052fb237,1328753,239107,998417,1993,4543,48098,33091,0,2240,1264
bucket,TENX135,B32,success,True,96f1a002cf66c7fd2e8da8be4e6bd28ab9b4c1b10b55e0e0ac91c70532f2135a,784565,229719,465541,1962,4410,44848,34585,0,2236,1264
bucket,TENX110,B32,success,True,dbea9f2b95ed904bfcc8f25098cfc2b129d32d61c00ad63f36da2a0a5ebf7069,4025467,865870,2854195,1996,4506,178845,116548,0,2243,1264
bucket,TENX124,B32,success,True,38afc3328c28d7ca5b955d7487b5ecaf861c4b59faea62011477ebf34101ba49,1579986,303515,1142556,1971,4220,68957,55263,0,2240,1264
bucket,TENX127,B32,success,True,539cb54d0c6da9be0d16e748a173a2da91543814dcb161b44431b8eb5c4f40f9,780362,143551,575439,1983,4925,25686,25278,0,2236,1264
bucket,TENX126,B32,success,True,65b1c08afad182404013ce62c9099f6b5fc1d5e5ce372fb0ec5abf24fcbb1bda,353876,79106,239820,2015,4424,13314,11698,0,2235,1264
bucket,TENX136,B32,success,True,26666e2d03f72976abf0cea1d0ab8fbc4a3855cf00b5732c90d31d798e45968d,1119818,320834,699019,1992,4429,50563,39480,0,2237,1264
bucket,TENX117,B32,success,True,d02f044e2556c070426f2d9673ec2c3fdc9e82ecf566ce78ee06ebfe38c6c1e2,299830,51039,217027,1954,4564,11084,10664,0,2234,1264
bucket,TENX137,B32,success,True,64de827cad021e84cc7ae454d33a8626fe9fc5eb30fcff98e312ba48b57b222e,900274,235979,552162,1929,4170,56773,45761,0,2236,1264
bucket,TENX111,B32,success,True,82a143d8b38bc2dbcbe48be6a53fd491ff175ef8be27ebe9eb6bfcf5297a7da4,1367679,224106,1059216,2010,4602,38929,35313,0,2239,1264
bucket,TENX131,B32,success,True,6ea61a662ee22ab6ab2b26defd19986bc94904f4293e93d8e74b4fc45f2e8dc3,868885,650654,111771,19180,8146,10633,64998,0,2239,1264
bucket,TENX129,B32,success,True,544a063e9876585b42dc11a89b8a0ee4b8499ead46b011ce588789895fa21be4,1134637,839581,184393,20596,8692,11282,66589,0,2240,1264
bucket,TENX128,B32,success,True,a3c780e2db7ffef28562f40e2ac5cb46e1b5f11aaba3939382e4f3aef25dddd4,1908353,1427556,364280,22393,9453,13554,67610,0,2243,1264
joint,NCBI180,B16_M4,success,True,84faabe3c84cd6f2e9d49f03d4193e9acab15c90f00d4ea6f34666728ce966e5,257515,150485,28520,12507,6296,2259,54010,0,2174,1264
joint,NCBI180,B16_M8,success,True,7b85a75116d74f27b52e3cdb2ac5518e26893d8555fd098a54f0bc2704eb9be9,258944,150510,28520,12763,6296,3188,54010,0,2283,1374
joint,SPA58,B16_M4,success,True,79440fa356685376e38c43414f2134e38b3b6f0e269d7b0aacd0c167d7bfb250,589366,349848,145392,17870,9702,3375,59738,0,2177,1264
joint,SPA58,B16_M8,success,True,a00cd82bc711cffd0b717a0511d0c20371e9b73b5597ddf4c2f0dd5d277f15fb,590944,349498,145392,18126,9702,4825,59738,0,2289,1374
joint,SPA37,B16_M4,failed,,,,,,,,,,,,
joint,SPA37,B16_M8,success,True,d01aab66b641cc317da551a1f688399ec5e47697be49abb33e927c91b91afa63,415416,171313,76875,23546,11751,1587,126685,0,2285,1374
joint,NCBI383,B16_M4,success,True,a082e7edc050eaad57b1c4641bc638755680ad15f39ecb2c9dc04b033a92cb75,1038754,552964,367209,19896,9304,3810,82129,0,2178,1264
joint,NCBI383,B16_M8,success,True,f3cc0fa74c412e771448675f55efe84e0b7cecca9ed61195440ee7026dabd36d,1040023,552090,367209,20152,9304,5475,82129,0,2290,1374
joint,MEND24,B16_M4,success,True,52d064a254075c9398d40736687bf462298b15059039c4ae8fc67ad277e5b936,410775,169208,111055,21308,12355,710,92699,0,2176,1264
joint,MEND24,B16_M8,success,True,4855e5a5a7063272d47577236cc7c62fd1657ab55ef38fe851b34f7f20b876e3,410379,168005,111055,21564,12355,1040,92699,0,2287,1374
joint,SPA8,B16_M4,success,True,7de58af2666b4a2ba62d5bfc25edd33748ab6f69a1720a066bcbeb5bd97de440,582625,250527,250236,14908,8734,1482,53296,0,2178,1264
joint,SPA8,B16_M8,success,True,90a7393f160dec1c2d5e3f502a969664c1614d62152509497cdb5bec3a6f115e,583728,250567,250236,15164,8734,2067,53296,0,2290,1374
joint,NCBI761,B16_M4,success,True,306565912222d665fc28cb15d4478a5badf996aa5ca37b0892cd946395da2a5e,409608,249064,76910,14436,8527,3911,53322,0,2174,1264
joint,NCBI761,B16_M8,failed,,,,,,,,,,,,
joint,NCBI289,B16_M4,failed,,,,,,,,,,,,
joint,NCBI289,B16_M8,failed,,,,,,,,,,,,
joint,SPA149,B16_M4,failed,,,,,,,,,,,,
joint,SPA149,B16_M8,failed,,,,,,,,,,,,
joint,NCBI410,B16_M4,failed,,,,,,,,,,,,
joint,NCBI410,B16_M8,failed,,,,,,,,,,,,
joint,MEND23,B16_M4,failed,,,,,,,,,,,,
joint,MEND23,B16_M8,failed,,,,,,,,,,,,
joint,NCBI299,B16_M4,failed,,,,,,,,,,,,
joint,NCBI299,B16_M8,failed,,,,,,,,,,,,
joint,NCBI770,B16_M4,failed,,,,,,,,,,,,
joint,NCBI770,B16_M8,failed,,,,,,,,,,,,
joint,NCBI337,B16_M4,failed,,,,,,,,,,,,
joint,NCBI337,B16_M8,failed,,,,,,,,,,,,
joint,SPA33,B16_M4,failed,,,,,,,,,,,,
joint,SPA33,B16_M8,failed,,,,,,,,,,,,
joint,NCBI176,B16_M4,failed,,,,,,,,,,,,
joint,NCBI176,B16_M8,failed,,,,,,,,,,,,
joint,SPA96,B16_M4,failed,,,,,,,,,,,,
joint,SPA96,B16_M8,failed,,,,,,,,,,,,
joint,SPA14,B16_M4,failed,,,,,,,,,,,,
joint,SPA14,B16_M8,failed,,,,,,,,,,,,
joint,NCBI491,B16_M4,failed,,,,,,,,,,,,
joint,NCBI491,B16_M8,failed,,,,,,,,,,,,
joint,MEND124,B16_M4,failed,,,,,,,,,,,,
joint,MEND124,B16_M8,failed,,,,,,,,,,,,
joint,NCBI709,B16_M4,failed,,,,,,,,,,,,
joint,NCBI709,B16_M8,failed,,,,,,,,,,,,
joint,NCBI844,B16_M4,failed,,,,,,,,,,,,
joint,NCBI844,B16_M8,failed,,,,,,,,,,,,
joint,NCBI435,B16_M4,failed,,,,,,,,,,,,
joint,NCBI435,B16_M8,failed,,,,,,,,,,,,
joint,NCBI812,B16_M4,failed,,,,,,,,,,,,
joint,NCBI812,B16_M8,failed,,,,,,,,,,,,
joint,NCBI629,B16_M4,failed,,,,,,,,,,,,
joint,NCBI629,B16_M8,failed,,,,,,,,,,,,
joint,NCBI796,B16_M4,failed,,,,,,,,,,,,
joint,NCBI796,B16_M8,failed,,,,,,,,,,,,
joint,NCBI452,B16_M4,failed,,,,,,,,,,,,
joint,NCBI452,B16_M8,failed,,,,,,,,,,,,
joint,MEND140,B16_M4,failed,,,,,,,,,,,,
joint,MEND140,B16_M8,failed,,,,,,,,,,,,
joint,TENX50,B16_M4,failed,,,,,,,,,,,,
joint,TENX50,B16_M8,failed,,,,,,,,,,,,
joint,ZEN65,B16_M4,failed,,,,,,,,,,,,
joint,ZEN65,B16_M8,failed,,,,,,,,,,,,
joint,MISC14,B16_M4,failed,,,,,,,,,,,,
joint,MISC14,B16_M8,failed,,,,,,,,,,,,
joint,NCBI729,B16_M4,failed,,,,,,,,,,,,
joint,NCBI729,B16_M8,failed,,,,,,,,,,,,
joint,ZEN47,B16_M4,failed,,,,,,,,,,,,
joint,ZEN47,B16_M8,failed,,,,,,,,,,,,
joint,MEND84,B16_M4,failed,,,,,,,,,,,,
joint,MEND84,B16_M8,failed,,,,,,,,,,,,
joint,NCBI542,B16_M4,failed,,,,,,,,,,,,
joint,NCBI542,B16_M8,failed,,,,,,,,,,,,
joint,INT17,B16_M4,failed,,,,,,,,,,,,
joint,INT17,B16_M8,failed,,,,,,,,,,,,
joint,TENX118,B16_M4,success,True,d9250afb2c6e641d5dfa652126b1a9ebb9b1295e7a8e321d021f64c226aec12a,461479,90707,323607,1414,4275,19211,18829,0,2172,1264
joint,TENX118,B16_M8,failed,,,,,,,,,,,,
joint,TENX96,B16_M4,failed,,,,,,,,,,,,
joint,TENX96,B16_M8,failed,,,,,,,,,,,,
joint,TENX135,B16_M4,failed,,,,,,,,,,,,
joint,TENX135,B16_M8,failed,,,,,,,,,,,,
joint,TENX110,B16_M4,failed,,,,,,,,,,,,
joint,TENX110,B16_M8,failed,,,,,,,,,,,,
joint,TENX124,B16_M4,success,True,3e4bc20ca577c66958f8ca78780249cac1b10fd95e3c5cea3a7ebbbdf556945f,1590092,314258,1142556,1395,4220,68957,55263,0,2179,1264
joint,TENX124,B16_M8,failed,,,,,,,,,,,,
joint,TENX127,B16_M4,failed,,,,,,,,,,,,
joint,TENX127,B16_M8,failed,,,,,,,,,,,,
joint,TENX126,B16_M4,failed,,,,,,,,,,,,
joint,TENX126,B16_M8,failed,,,,,,,,,,,,
joint,TENX136,B16_M4,failed,,,,,,,,,,,,
joint,TENX136,B16_M8,failed,,,,,,,,,,,,
joint,TENX117,B16_M4,success,True,ee187e48fccde9e0d2bec4a19215e1f8536e8b31054d0b47f4245e8a2e153108,299433,51282,217027,1378,4564,11084,10664,0,2170,1264
joint,TENX117,B16_M8,failed,,,,,,,,,,,,
joint,TENX137,B16_M4,failed,,,,,,,,,,,,
joint,TENX137,B16_M8,failed,,,,,,,,,,,,
joint,TENX111,B16_M4,failed,,,,,,,,,,,,
joint,TENX111,B16_M8,failed,,,,,,,,,,,,
joint,TENX131,B16_M4,failed,,,,,,,,,,,,
joint,TENX131,B16_M8,failed,,,,,,,,,,,,
joint,TENX129,B16_M4,failed,,,,,,,,,,,,
joint,TENX129,B16_M8,failed,,,,,,,,,,,,
joint,TENX128,B16_M4,failed,,,,,,,,,,,,
joint,TENX128,B16_M8,failed,,,,,,,,,,,,
value_context,NCBI180,MV0,failed,,,,,,,,,,,,
value_context,NCBI180,MV2,failed,,,,,,,,,,,,
value_context,NCBI180,MV4,failed,,,,,,,,,,,,
value_context,NCBI180,MV6,failed,,,,,,,,,,,,
value_context,NCBI180,MV8,failed,,,,,,,,,,,,
value_context,NCBI180,MV12,failed,,,,,,,,,,,,
value_context,SPA58,MV0,failed,,,,,,,,,,,,
value_context,SPA58,MV2,failed,,,,,,,,,,,,
value_context,SPA58,MV4,failed,,,,,,,,,,,,
value_context,SPA58,MV6,failed,,,,,,,,,,,,
value_context,SPA58,MV8,failed,,,,,,,,,,,,
value_context,SPA58,MV12,failed,,,,,,,,,,,,
value_context,SPA37,MV0,failed,,,,,,,,,,,,
value_context,SPA37,MV2,failed,,,,,,,,,,,,
value_context,SPA37,MV4,failed,,,,,,,,,,,,
value_context,SPA37,MV6,failed,,,,,,,,,,,,
value_context,SPA37,MV8,failed,,,,,,,,,,,,
value_context,SPA37,MV12,failed,,,,,,,,,,,,
value_context,NCBI383,MV0,failed,,,,,,,,,,,,
value_context,NCBI383,MV2,failed,,,,,,,,,,,,
value_context,NCBI383,MV4,failed,,,,,,,,,,,,
value_context,NCBI383,MV6,failed,,,,,,,,,,,,
value_context,NCBI383,MV8,failed,,,,,,,,,,,,
value_context,NCBI383,MV12,failed,,,,,,,,,,,,
value_context,MEND24,MV0,failed,,,,,,,,,,,,
value_context,MEND24,MV2,failed,,,,,,,,,,,,
value_context,MEND24,MV4,failed,,,,,,,,,,,,
value_context,MEND24,MV6,failed,,,,,,,,,,,,
value_context,MEND24,MV8,failed,,,,,,,,,,,,
value_context,MEND24,MV12,failed,,,,,,,,,,,,
value_context,SPA8,MV0,failed,,,,,,,,,,,,
value_context,SPA8,MV2,failed,,,,,,,,,,,,
value_context,SPA8,MV4,failed,,,,,,,,,,,,
value_context,SPA8,MV6,failed,,,,,,,,,,,,
value_context,SPA8,MV8,failed,,,,,,,,,,,,
value_context,SPA8,MV12,failed,,,,,,,,,,,,
value_context,NCBI761,MV0,failed,,,,,,,,,,,,
value_context,NCBI761,MV2,failed,,,,,,,,,,,,
value_context,NCBI761,MV4,failed,,,,,,,,,,,,
value_context,NCBI761,MV6,failed,,,,,,,,,,,,
value_context,NCBI761,MV8,failed,,,,,,,,,,,,
value_context,NCBI761,MV12,failed,,,,,,,,,,,,
value_context,NCBI289,MV0,failed,,,,,,,,,,,,
value_context,NCBI289,MV2,failed,,,,,,,,,,,,
value_context,NCBI289,MV4,failed,,,,,,,,,,,,
value_context,NCBI289,MV6,failed,,,,,,,,,,,,
value_context,NCBI289,MV8,failed,,,,,,,,,,,,
value_context,NCBI289,MV12,failed,,,,,,,,,,,,
value_context,SPA149,MV0,success,True,12b89f5fe4bcf7262155f04d548f68fc6c686403dff9ef0671874edf268d49e1,651012,334920,234980,17291,8275,2400,49930,0,1952,1264
value_context,SPA149,MV2,failed,,,,,,,,,,,,
value_context,SPA149,MV4,failed,,,,,,,,,,,,
value_context,SPA149,MV6,failed,,,,,,,,,,,,
value_context,SPA149,MV8,failed,,,,,,,,,,,,
value_context,SPA149,MV12,failed,,,,,,,,,,,,
value_context,NCBI410,MV0,failed,,,,,,,,,,,,
value_context,NCBI410,MV2,failed,,,,,,,,,,,,
value_context,NCBI410,MV4,failed,,,,,,,,,,,,
value_context,NCBI410,MV6,failed,,,,,,,,,,,,
value_context,NCBI410,MV8,failed,,,,,,,,,,,,
value_context,NCBI410,MV12,failed,,,,,,,,,,,,
value_context,MEND23,MV0,failed,,,,,,,,,,,,
value_context,MEND23,MV2,failed,,,,,,,,,,,,
value_context,MEND23,MV4,failed,,,,,,,,,,,,
value_context,MEND23,MV6,failed,,,,,,,,,,,,
value_context,MEND23,MV8,success,True,b5a640a8dd1f427e556826532dfea398684dd95702dff49bbb221aaec354b0da,304178,125974,66812,18284,6051,890,82723,0,2064,1380
value_context,MEND23,MV12,failed,,,,,,,,,,,,
value_context,NCBI299,MV0,failed,,,,,,,,,,,,
value_context,NCBI299,MV2,failed,,,,,,,,,,,,
value_context,NCBI299,MV4,failed,,,,,,,,,,,,
value_context,NCBI299,MV6,failed,,,,,,,,,,,,
value_context,NCBI299,MV8,failed,,,,,,,,,,,,
value_context,NCBI299,MV12,failed,,,,,,,,,,,,
value_context,NCBI770,MV0,failed,,,,,,,,,,,,
value_context,NCBI770,MV2,failed,,,,,,,,,,,,
value_context,NCBI770,MV4,failed,,,,,,,,,,,,
value_context,NCBI770,MV6,failed,,,,,,,,,,,,
value_context,NCBI770,MV8,failed,,,,,,,,,,,,
value_context,NCBI770,MV12,failed,,,,,,,,,,,,
value_context,NCBI337,MV0,failed,,,,,,,,,,,,
value_context,NCBI337,MV2,failed,,,,,,,,,,,,
value_context,NCBI337,MV4,failed,,,,,,,,,,,,
value_context,NCBI337,MV6,failed,,,,,,,,,,,,
value_context,NCBI337,MV8,failed,,,,,,,,,,,,
value_context,NCBI337,MV12,failed,,,,,,,,,,,,
value_context,SPA33,MV0,failed,,,,,,,,,,,,
value_context,SPA33,MV2,failed,,,,,,,,,,,,
value_context,SPA33,MV4,failed,,,,,,,,,,,,
value_context,SPA33,MV6,failed,,,,,,,,,,,,
value_context,SPA33,MV8,failed,,,,,,,,,,,,
value_context,SPA33,MV12,failed,,,,,,,,,,,,
value_context,NCBI176,MV0,failed,,,,,,,,,,,,
value_context,NCBI176,MV2,success,True,5e4732f5a3b6c6fdb098a9437e7548854acf02631b32b8b7172e3ead45d7606b,239286,139794,26345,12214,2887,2224,52608,0,1950,1264
value_context,NCBI176,MV4,failed,,,,,,,,,,,,
value_context,NCBI176,MV6,failed,,,,,,,,,,,,
value_context,NCBI176,MV8,failed,,,,,,,,,,,,
value_context,NCBI176,MV12,failed,,,,,,,,,,,,
value_context,SPA96,MV0,failed,,,,,,,,,,,,
value_context,SPA96,MV2,failed,,,,,,,,,,,,
value_context,SPA96,MV4,failed,,,,,,,,,,,,
value_context,SPA96,MV6,failed,,,,,,,,,,,,
value_context,SPA96,MV8,failed,,,,,,,,,,,,
value_context,SPA96,MV12,failed,,,,,,,,,,,,
value_context,SPA14,MV0,failed,,,,,,,,,,,,
value_context,SPA14,MV2,failed,,,,,,,,,,,,
value_context,SPA14,MV4,failed,,,,,,,,,,,,
value_context,SPA14,MV6,failed,,,,,,,,,,,,
value_context,SPA14,MV8,failed,,,,,,,,,,,,
value_context,SPA14,MV12,failed,,,,,,,,,,,,
value_context,NCBI491,MV0,failed,,,,,,,,,,,,
value_context,NCBI491,MV2,failed,,,,,,,,,,,,
value_context,NCBI491,MV4,failed,,,,,,,,,,,,
value_context,NCBI491,MV6,failed,,,,,,,,,,,,
value_context,NCBI491,MV8,failed,,,,,,,,,,,,
value_context,NCBI491,MV12,failed,,,,,,,,,,,,
value_context,MEND124,MV0,failed,,,,,,,,,,,,
value_context,MEND124,MV2,failed,,,,,,,,,,,,
value_context,MEND124,MV4,failed,,,,,,,,,,,,
value_context,MEND124,MV6,failed,,,,,,,,,,,,
value_context,MEND124,MV8,failed,,,,,,,,,,,,
value_context,MEND124,MV12,failed,,,,,,,,,,,,
value_context,NCBI709,MV0,failed,,,,,,,,,,,,
value_context,NCBI709,MV2,failed,,,,,,,,,,,,
value_context,NCBI709,MV4,failed,,,,,,,,,,,,
value_context,NCBI709,MV6,failed,,,,,,,,,,,,
value_context,NCBI709,MV8,failed,,,,,,,,,,,,
value_context,NCBI709,MV12,failed,,,,,,,,,,,,
value_context,NCBI844,MV0,failed,,,,,,,,,,,,
value_context,NCBI844,MV2,failed,,,,,,,,,,,,
value_context,NCBI844,MV4,failed,,,,,,,,,,,,
value_context,NCBI844,MV6,failed,,,,,,,,,,,,
value_context,NCBI844,MV8,failed,,,,,,,,,,,,
value_context,NCBI844,MV12,failed,,,,,,,,,,,,
value_context,NCBI435,MV0,failed,,,,,,,,,,,,
value_context,NCBI435,MV2,failed,,,,,,,,,,,,
value_context,NCBI435,MV4,failed,,,,,,,,,,,,
value_context,NCBI435,MV6,failed,,,,,,,,,,,,
value_context,NCBI435,MV8,failed,,,,,,,,,,,,
value_context,NCBI435,MV12,failed,,,,,,,,,,,,
value_context,NCBI812,MV0,failed,,,,,,,,,,,,
value_context,NCBI812,MV2,failed,,,,,,,,,,,,
value_context,NCBI812,MV4,success,True,a9eba34d94fb2e8f71842df812a46706810dc97c5ca173449d43700824a280ad,3564363,2227628,1092200,35380,7902,21705,176323,0,1961,1264
value_context,NCBI812,MV6,failed,,,,,,,,,,,,
value_context,NCBI812,MV8,failed,,,,,,,,,,,,
value_context,NCBI812,MV12,failed,,,,,,,,,,,,
value_context,NCBI629,MV0,success,True,742ac6d415465e672102c4918abe94791bfed769680460010f2b2412854696b4,6767265,3969561,2510727,40213,13436,31178,198925,0,1961,1264
value_context,NCBI629,MV2,failed,,,,,,,,,,,,
value_context,NCBI629,MV4,failed,,,,,,,,,,,,
value_context,NCBI629,MV6,failed,,,,,,,,,,,,
value_context,NCBI629,MV8,failed,,,,,,,,,,,,
value_context,NCBI629,MV12,failed,,,,,,,,,,,,
value_context,NCBI796,MV0,failed,,,,,,,,,,,,
value_context,NCBI796,MV2,failed,,,,,,,,,,,,
value_context,NCBI796,MV4,failed,,,,,,,,,,,,
value_context,NCBI796,MV6,failed,,,,,,,,,,,,
value_context,NCBI796,MV8,failed,,,,,,,,,,,,
value_context,NCBI796,MV12,failed,,,,,,,,,,,,
value_context,NCBI452,MV0,failed,,,,,,,,,,,,
value_context,NCBI452,MV2,failed,,,,,,,,,,,,
value_context,NCBI452,MV4,failed,,,,,,,,,,,,
value_context,NCBI452,MV6,failed,,,,,,,,,,,,
value_context,NCBI452,MV8,failed,,,,,,,,,,,,
value_context,NCBI452,MV12,failed,,,,,,,,,,,,
value_context,MEND140,MV0,failed,,,,,,,,,,,,
value_context,MEND140,MV2,failed,,,,,,,,,,,,
value_context,MEND140,MV4,failed,,,,,,,,,,,,
value_context,MEND140,MV6,failed,,,,,,,,,,,,
value_context,MEND140,MV8,failed,,,,,,,,,,,,
value_context,MEND140,MV12,failed,,,,,,,,,,,,
value_context,TENX50,MV0,failed,,,,,,,,,,,,
value_context,TENX50,MV2,failed,,,,,,,,,,,,
value_context,TENX50,MV4,failed,,,,,,,,,,,,
value_context,TENX50,MV6,failed,,,,,,,,,,,,
value_context,TENX50,MV8,failed,,,,,,,,,,,,
value_context,TENX50,MV12,failed,,,,,,,,,,,,
value_context,ZEN65,MV0,failed,,,,,,,,,,,,
value_context,ZEN65,MV2,failed,,,,,,,,,,,,
value_context,ZEN65,MV4,failed,,,,,,,,,,,,
value_context,ZEN65,MV6,failed,,,,,,,,,,,,
value_context,ZEN65,MV8,failed,,,,,,,,,,,,
value_context,ZEN65,MV12,failed,,,,,,,,,,,,
value_context,MISC14,MV0,failed,,,,,,,,,,,,
value_context,MISC14,MV2,failed,,,,,,,,,,,,
value_context,MISC14,MV4,failed,,,,,,,,,,,,
value_context,MISC14,MV6,failed,,,,,,,,,,,,
value_context,MISC14,MV8,failed,,,,,,,,,,,,
value_context,MISC14,MV12,failed,,,,,,,,,,,,
value_context,NCBI729,MV0,failed,,,,,,,,,,,,
value_context,NCBI729,MV2,failed,,,,,,,,,,,,
value_context,NCBI729,MV4,failed,,,,,,,,,,,,
value_context,NCBI729,MV6,failed,,,,,,,,,,,,
value_context,NCBI729,MV8,failed,,,,,,,,,,,,
value_context,NCBI729,MV12,failed,,,,,,,,,,,,
value_context,ZEN47,MV0,failed,,,,,,,,,,,,
value_context,ZEN47,MV2,failed,,,,,,,,,,,,
value_context,ZEN47,MV4,failed,,,,,,,,,,,,
value_context,ZEN47,MV6,failed,,,,,,,,,,,,
value_context,ZEN47,MV8,failed,,,,,,,,,,,,
value_context,ZEN47,MV12,failed,,,,,,,,,,,,
value_context,MEND84,MV0,failed,,,,,,,,,,,,
value_context,MEND84,MV2,failed,,,,,,,,,,,,
value_context,MEND84,MV4,failed,,,,,,,,,,,,
value_context,MEND84,MV6,failed,,,,,,,,,,,,
value_context,MEND84,MV8,failed,,,,,,,,,,,,
value_context,MEND84,MV12,failed,,,,,,,,,,,,
value_context,NCBI542,MV0,failed,,,,,,,,,,,,
value_context,NCBI542,MV2,failed,,,,,,,,,,,,
value_context,NCBI542,MV4,failed,,,,,,,,,,,,
value_context,NCBI542,MV6,failed,,,,,,,,,,,,
value_context,NCBI542,MV8,failed,,,,,,,,,,,,
value_context,NCBI542,MV12,failed,,,,,,,,,,,,
value_context,INT17,MV0,failed,,,,,,,,,,,,
value_context,INT17,MV2,failed,,,,,,,,,,,,
value_context,INT17,MV4,failed,,,,,,,,,,,,
value_context,INT17,MV6,failed,,,,,,,,,,,,
value_context,INT17,MV8,failed,,,,,,,,,,,,
value_context,INT17,MV12,failed,,,,,,,,,,,,
value_context,TENX118,MV0,failed,,,,,,,,,,,,
value_context,TENX118,MV2,failed,,,,,,,,,,,,
value_context,TENX118,MV4,failed,,,,,,,,,,,,
value_context,TENX118,MV6,failed,,,,,,,,,,,,
value_context,TENX118,MV8,failed,,,,,,,,,,,,
value_context,TENX118,MV12,failed,,,,,,,,,,,,
value_context,TENX96,MV0,failed,,,,,,,,,,,,
value_context,TENX96,MV2,failed,,,,,,,,,,,,
value_context,TENX96,MV4,failed,,,,,,,,,,,,
value_context,TENX96,MV6,failed,,,,,,,,,,,,
value_context,TENX96,MV8,failed,,,,,,,,,,,,
value_context,TENX96,MV12,failed,,,,,,,,,,,,
value_context,TENX135,MV0,failed,,,,,,,,,,,,
value_context,TENX135,MV2,failed,,,,,,,,,,,,
value_context,TENX135,MV4,failed,,,,,,,,,,,,
value_context,TENX135,MV6,failed,,,,,,,,,,,,
value_context,TENX135,MV8,failed,,,,,,,,,,,,
value_context,TENX135,MV12,failed,,,,,,,,,,,,
value_context,TENX110,MV0,failed,,,,,,,,,,,,
value_context,TENX110,MV2,failed,,,,,,,,,,,,
value_context,TENX110,MV4,failed,,,,,,,,,,,,
value_context,TENX110,MV6,failed,,,,,,,,,,,,
value_context,TENX110,MV8,failed,,,,,,,,,,,,
value_context,TENX110,MV12,failed,,,,,,,,,,,,
value_context,TENX124,MV0,failed,,,,,,,,,,,,
value_context,TENX124,MV2,failed,,,,,,,,,,,,
value_context,TENX124,MV4,failed,,,,,,,,,,,,
value_context,TENX124,MV6,failed,,,,,,,,,,,,
value_context,TENX124,MV8,failed,,,,,,,,,,,,
value_context,TENX124,MV12,failed,,,,,,,,,,,,
value_context,TENX127,MV0,failed,,,,,,,,,,,,
value_context,TENX127,MV2,failed,,,,,,,,,,,,
value_context,TENX127,MV4,failed,,,,,,,,,,,,
value_context,TENX127,MV6,failed,,,,,,,,,,,,
value_context,TENX127,MV8,failed,,,,,,,,,,,,
value_context,TENX127,MV12,failed,,,,,,,,,,,,
value_context,TENX126,MV0,failed,,,,,,,,,,,,
value_context,TENX126,MV2,failed,,,,,,,,,,,,
value_context,TENX126,MV4,failed,,,,,,,,,,,,
value_context,TENX126,MV6,failed,,,,,,,,,,,,
value_context,TENX126,MV8,failed,,,,,,,,,,,,
value_context,TENX126,MV12,failed,,,,,,,,,,,,
value_context,TENX136,MV0,failed,,,,,,,,,,,,
value_context,TENX136,MV2,failed,,,,,,,,,,,,
value_context,TENX136,MV4,failed,,,,,,,,,,,,
value_context,TENX136,MV6,failed,,,,,,,,,,,,
value_context,TENX136,MV8,failed,,,,,,,,,,,,
value_context,TENX136,MV12,failed,,,,,,,,,,,,
value_context,TENX117,MV0,failed,,,,,,,,,,,,
value_context,TENX117,MV2,failed,,,,,,,,,,,,
value_context,TENX117,MV4,failed,,,,,,,,,,,,
value_context,TENX117,MV6,failed,,,,,,,,,,,,
value_context,TENX117,MV8,failed,,,,,,,,,,,,
value_context,TENX117,MV12,failed,,,,,,,,,,,,
value_context,TENX137,MV0,failed,,,,,,,,,,,,
value_context,TENX137,MV2,failed,,,,,,,,,,,,
value_context,TENX137,MV4,failed,,,,,,,,,,,,
value_context,TENX137,MV6,failed,,,,,,,,,,,,
value_context,TENX137,MV8,failed,,,,,,,,,,,,
value_context,TENX137,MV12,failed,,,,,,,,,,,,
value_context,TENX111,MV0,failed,,,,,,,,,,,,
value_context,TENX111,MV2,failed,,,,,,,,,,,,
value_context,TENX111,MV4,failed,,,,,,,,,,,,
value_context,TENX111,MV6,failed,,,,,,,,,,,,
value_context,TENX111,MV8,failed,,,,,,,,,,,,
value_context,TENX111,MV12,failed,,,,,,,,,,,,
value_context,TENX131,MV0,failed,,,,,,,,,,,,
value_context,TENX131,MV2,failed,,,,,,,,,,,,
value_context,TENX131,MV4,failed,,,,,,,,,,,,
value_context,TENX131,MV6,failed,,,,,,,,,,,,
value_context,TENX131,MV8,failed,,,,,,,,,,,,
value_context,TENX131,MV12,failed,,,,,,,,,,,,
value_context,TENX129,MV0,failed,,,,,,,,,,,,
value_context,TENX129,MV2,failed,,,,,,,,,,,,
value_context,TENX129,MV4,failed,,,,,,,,,,,,
value_context,TENX129,MV6,failed,,,,,,,,,,,,
value_context,TENX129,MV8,failed,,,,,,,,,,,,
value_context,TENX129,MV12,failed,,,,,,,,,,,,
value_context,TENX128,MV0,failed,,,,,,,,,,,,
value_context,TENX128,MV2,failed,,,,,,,,,,,,
value_context,TENX128,MV4,failed,,,,,,,,,,,,
value_context,TENX128,MV6,failed,,,,,,,,,,,,
value_context,TENX128,MV8,failed,,,,,,,,,,,,
value_context,TENX128,MV12,failed,,,,,,,,,,,,
