dataset_id,platform,organ,species,arm,archive_size_bytes,bits_per_count,bits_per_nonzero,n_spots,n_genes,n_counts,n_nonzero,exact_recovery,definition,archive_sha256,canonical_sha256,metadata_sha256
INT17,HEST_exposed_development,Lymph node,Homo sapiens,full,4967322,0.6177718050441927,4.425660439893446,3585,17943,64325655,8979129,True,"Production Shared K32 anchor, support M6, value context M6",f9bf8d03baefd940fb1c3006b587a811911011b42a6fc481f7878c369809386b,f57c3ef919332ec73415a7f303e248b5db54e81634c2a1da5b1d686f2157e395,7f0f0b7eeb4cb20615a74880e0146d46d6c9f628ff8f520a82a8ce89aaa7759a
INT17,HEST_exposed_development,Lymph node,Homo sapiens,no_support,5083619,0.632235334408954,4.529275835106056,3585,17943,64325655,8979129,True,Gene-only support probabilities; value spatial context retained,b152a907827758bd2590bd6c25cd48dfd2d4698f36df29fd985c11d6cf9815f0,f57c3ef919332ec73415a7f303e248b5db54e81634c2a1da5b1d686f2157e395,7f0f0b7eeb4cb20615a74880e0146d46d6c9f628ff8f520a82a8ce89aaa7759a
INT17,HEST_exposed_development,Lymph node,Homo sapiens,no_value,39377848,4.89731171800738,35.08389109901417,3585,17943,64325655,8979129,True,Fixed-width lossless positive uint32 stream; no positive-value model,8a42742eb7819802257211370a137924c628a803ba001b4e4e9c62fb64ddfc96,f57c3ef919332ec73415a7f303e248b5db54e81634c2a1da5b1d686f2157e395,7f0f0b7eeb4cb20615a74880e0146d46d6c9f628ff8f520a82a8ce89aaa7759a
INT17,HEST_exposed_development,Lymph node,Homo sapiens,no_spatial,5124324,0.6372977002721543,4.565542158933233,3585,17943,64325655,8979129,True,No support or value spatial predecessors; active model families retained,3bb10b7bc71c026b410465fbd04a933876a78f2e612537435f7d3f5475ef7cef,f57c3ef919332ec73415a7f303e248b5db54e81634c2a1da5b1d686f2157e395,7f0f0b7eeb4cb20615a74880e0146d46d6c9f628ff8f520a82a8ce89aaa7759a
INT17,HEST_exposed_development,Lymph node,Homo sapiens,no_sharing,4983064,0.6197295931149088,4.439685853716992,3585,17943,64325655,8979129,True,Independent per-gene q1 exceptions; fixed eight tail classes retained,d79b3f0dab5ee6820598d67a9dbba2d207ac09f28a3a65a3603d8f189295d4d2,f57c3ef919332ec73415a7f303e248b5db54e81634c2a1da5b1d686f2157e395,7f0f0b7eeb4cb20615a74880e0146d46d6c9f628ff8f520a82a8ce89aaa7759a
MEND124,HEST_exposed_development,Brain,Mus musculus,full,5577668,0.9544942017614187,4.083301228558968,1448,32285,46748680,10927762,True,"Production Shared K32 anchor, support M6, value context M6",4d51468c11b16ba35c1c5a9accfd894af6a94ffbe205636401fabcbc6ce20190,2de0cb72956b16eda493bcb8dc53c156fe6b22c125224781990774a773c3d749,93dad50de0f194d55abd84cd53baad49cad6e38670befa337c00bb22d6ed4e3c
MEND124,HEST_exposed_development,Brain,Mus musculus,no_support,5629693,0.963397126934921,4.1213877095785945,1448,32285,46748680,10927762,True,Gene-only support probabilities; value spatial context retained,7b05b2ddac0e48dcd2e48f964f7075be9c65487ece7b410ece748e1b4e8b21bb,2de0cb72956b16eda493bcb8dc53c156fe6b22c125224781990774a773c3d749,93dad50de0f194d55abd84cd53baad49cad6e38670befa337c00bb22d6ed4e3c
MEND124,HEST_exposed_development,Brain,Mus musculus,no_value,45649941,7.811975183042602,33.4194254962727,1448,32285,46748680,10927762,True,Fixed-width lossless positive uint32 stream; no positive-value model,9193b4efaae9a6005e634872fa9cb030373008611225457eda63437b82d31c15,2de0cb72956b16eda493bcb8dc53c156fe6b22c125224781990774a773c3d749,93dad50de0f194d55abd84cd53baad49cad6e38670befa337c00bb22d6ed4e3c
MEND124,HEST_exposed_development,Brain,Mus musculus,no_spatial,5735856,0.9815645703793134,4.199107557430332,1448,32285,46748680,10927762,True,No support or value spatial predecessors; active model families retained,fb95fd0a1b9d3143fcd4c7003da59ea7fe8221e1fc02d666e93b94a5fd91c70d,2de0cb72956b16eda493bcb8dc53c156fe6b22c125224781990774a773c3d749,93dad50de0f194d55abd84cd53baad49cad6e38670befa337c00bb22d6ed4e3c
MEND124,HEST_exposed_development,Brain,Mus musculus,no_sharing,5605214,0.9592080888701029,4.1034671143094075,1448,32285,46748680,10927762,True,Independent per-gene q1 exceptions; fixed eight tail classes retained,4d07e79f667d9f1b09acbd29973cc179f740051867d3a2a4f1b305a1411cb1f6,2de0cb72956b16eda493bcb8dc53c156fe6b22c125224781990774a773c3d749,93dad50de0f194d55abd84cd53baad49cad6e38670befa337c00bb22d6ed4e3c
MEND140,HEST_exposed_development,Prostate,Homo sapiens,full,3288441,0.4053796202941844,4.708946514515157,1935,33538,64896030,5586712,True,"Production Shared K32 anchor, support M6, value context M6",4dac7478ac2178564dbec88044cb39910deb9ef8b35e277ac9cd8b563f09828d,23950180739f0457ef3210aa659e0ed11c50ebe095dde495c4c07498a57d7e84,876a7881b41c1115ae5f5d53063b267d9bb53234d7fc53bb5365957af8babb7c
MEND140,HEST_exposed_development,Prostate,Homo sapiens,no_support,3320279,0.40930442124117605,4.7545375526785705,1935,33538,64896030,5586712,True,Gene-only support probabilities; value spatial context retained,45a43ba0ac2bf1c44dd924e5a68278b17a64f6bef1e294b2073bd09a9e371b43,23950180739f0457ef3210aa659e0ed11c50ebe095dde495c4c07498a57d7e84,876a7881b41c1115ae5f5d53063b267d9bb53234d7fc53bb5365957af8babb7c
MEND140,HEST_exposed_development,Prostate,Homo sapiens,no_value,24482823,3.0180980870478518,35.05865059806197,1935,33538,64896030,5586712,True,Fixed-width lossless positive uint32 stream; no positive-value model,5dbf9edf9c1127ae0d3348202f9c2ae84692f1fe1208061b6b9ed806a3534861,23950180739f0457ef3210aa659e0ed11c50ebe095dde495c4c07498a57d7e84,876a7881b41c1115ae5f5d53063b267d9bb53234d7fc53bb5365957af8babb7c
MEND140,HEST_exposed_development,Prostate,Homo sapiens,no_spatial,3333035,0.41087690572135155,4.772803752905108,1935,33538,64896030,5586712,True,No support or value spatial predecessors; active model families retained,b9d73d06c69d952f388328efac2f1860d582c2783419582894b3cc626ff3ccda,23950180739f0457ef3210aa659e0ed11c50ebe095dde495c4c07498a57d7e84,876a7881b41c1115ae5f5d53063b267d9bb53234d7fc53bb5365957af8babb7c
MEND140,HEST_exposed_development,Prostate,Homo sapiens,no_sharing,3315994,0.40877619170232754,4.748401564283249,1935,33538,64896030,5586712,True,Independent per-gene q1 exceptions; fixed eight tail classes retained,b3324cc5249ecb1c2cf5771a9abe1c6bd9f121b82f533186ddb0efbd368ee65c,23950180739f0457ef3210aa659e0ed11c50ebe095dde495c4c07498a57d7e84,876a7881b41c1115ae5f5d53063b267d9bb53234d7fc53bb5365957af8babb7c
