K,archive_sha256,arm,artifact_path,decode_seconds,encode_seconds,exceptionsflag,framing_bytes,modelblob_bytes,n_counts,n_genes,n_nonzero,n_spots,sample_id,status,total_bytes,value_stream_bytes,canonical_sha256,metadata_sha256,nll,value_cdf_sha256
0,f54fb13634a8ea64480e8c966a04e190aebcb09c1d96fd3e06e2f54d1d007754,FIXED_SHARED,E:\count压缩\baseline\evidence\COUNT-SHARED-MDL-GROUP-001\main_v1\NCBI692\FIXED_SHARED_K0_E0\count.cnt,3.4219999999622814,0,False,2924,76,13542370,36601,1580215,370,NCBI692,success,988490,363111,,,,
1,f520e10eaca419a049c0647ecde538868ee814b6a97dbebb6ac1c8e142ef0f3d,GLOBAL_SHARED,E:\count压缩\baseline\evidence\COUNT-SHARED-MDL-GROUP-001\main_v1\NCBI692\GLOBAL_SHARED_K1_E0\count.cnt,1.827999999979511,2.625,False,3053,74,13542370,36601,1580215,370,NCBI692,success,1005170,379664,06dc9fbe7b354cf1cc9c1d6394d492ac4acad50c07b8013947cd5b8c875045cb,29bd3ba4b3267a1ef872df7bb8b4772aabbb761839eb70924af21dd80ae1ef7f,3037293.4772245795,e5d3144222a6cbaab0546613884b0ba440a5fa91da8fa56035816278d851c10b
36601,6059ce0cce3834071482d9acb9b4dbc210fa4c5f10a133f404f2479aa5dc24a3,PER_GENE,E:\count压缩\baseline\evidence\COUNT-SHARED-MDL-GROUP-001\main_v1\NCBI692\PER_GENE_K36601_E0\count.cnt,1.8280000000377186,1.4380000000237487,False,3055,51444,13542370,36601,1580215,370,NCBI692,success,1031704,354826,06dc9fbe7b354cf1cc9c1d6394d492ac4acad50c07b8013947cd5b8c875045cb,29bd3ba4b3267a1ef872df7bb8b4772aabbb761839eb70924af21dd80ae1ef7f,2838583.574976693,cf8ac82acd066c404e2f2133c1428a3fdbd4ee836ebabe34440de2ecf92fe9c7
1,32f40de3212509ba7a821ce16a2eb07ca43c55506be18165454a58a8dc853478,ADAPTIVE,E:\count压缩\baseline\evidence\COUNT-SHARED-MDL-GROUP-001\main_v1\NCBI692\ADAPTIVE_K1_E0\count.cnt,1.8290000000270084,1.2190000000409782,False,3048,74,13542370,36601,1580215,370,NCBI692,success,1005165,379664,06dc9fbe7b354cf1cc9c1d6394d492ac4acad50c07b8013947cd5b8c875045cb,29bd3ba4b3267a1ef872df7bb8b4772aabbb761839eb70924af21dd80ae1ef7f,3037293.4772245795,e5d3144222a6cbaab0546613884b0ba440a5fa91da8fa56035816278d851c10b
1,f94944afcb85b63d293794ef143d4671407b906fe2cd9c034b4996f89d221028,ADAPTIVE,E:\count压缩\baseline\evidence\COUNT-SHARED-MDL-GROUP-001\main_v1\NCBI692\ADAPTIVE_K1_E1\count.cnt,1.8439999999827705,1.422000000020489,True,3050,16500,13542370,36601,1580215,370,NCBI692,success,998221,356292,06dc9fbe7b354cf1cc9c1d6394d492ac4acad50c07b8013947cd5b8c875045cb,29bd3ba4b3267a1ef872df7bb8b4772aabbb761839eb70924af21dd80ae1ef7f,2850313.641722629,bad3bebb356d4062290b49cd2205a5423fee1680e4b40d3ba44239ff26c6fba0
2,58cb86f8595477d204dac4fb34657b7a2a7fadfbe55cbce4e9bd14eaab96b5e0,ADAPTIVE,E:\count压缩\baseline\evidence\COUNT-SHARED-MDL-GROUP-001\main_v1\NCBI692\ADAPTIVE_K2_E0\count.cnt,1.8439999999827705,1.2179999999934807,False,3050,5806,13542370,36601,1580215,370,NCBI692,success,994644,363409,06dc9fbe7b354cf1cc9c1d6394d492ac4acad50c07b8013947cd5b8c875045cb,29bd3ba4b3267a1ef872df7bb8b4772aabbb761839eb70924af21dd80ae1ef7f,2907249.7723933696,62165fa4a871382fd350e27e2ea8b37e632c8a00979bd87c713c4cb42ad217d3
2,3c060423e24b474763a00fd051a7bf5302f83d28c7b433eba54d900903a40666,ADAPTIVE,E:\count压缩\baseline\evidence\COUNT-SHARED-MDL-GROUP-001\main_v1\NCBI692\ADAPTIVE_K2_E1\count.cnt,1.8290000000270084,1.4380000000237487,True,3050,14075,13542370,36601,1580215,370,NCBI692,success,995648,356144,06dc9fbe7b354cf1cc9c1d6394d492ac4acad50c07b8013947cd5b8c875045cb,29bd3ba4b3267a1ef872df7bb8b4772aabbb761839eb70924af21dd80ae1ef7f,2849128.001690353,5ccd0f7043290e7ed4105dc03f28646ed20223453f8d964f182ca721e94169da
4,4633aa623c3eaacc3e4f78276df7ea9de7f7a673addb7c8daf0ad4782638a18d,ADAPTIVE,E:\count压缩\baseline\evidence\COUNT-SHARED-MDL-GROUP-001\main_v1\NCBI692\ADAPTIVE_K4_E0\count.cnt,1.8439999999827705,1.4380000000237487,False,3050,9555,13542370,36601,1580215,370,NCBI692,success,992888,357904,06dc9fbe7b354cf1cc9c1d6394d492ac4acad50c07b8013947cd5b8c875045cb,29bd3ba4b3267a1ef872df7bb8b4772aabbb761839eb70924af21dd80ae1ef7f,2863210.9988014204,20e3668a081f770c49b397872b4742461510a89fba3851504a6065fec6706a24
4,e3cb785c028abf144a0fe2263a9ca9fc319f865ab070ba2380422a210c18b282,ADAPTIVE,E:\count压缩\baseline\evidence\COUNT-SHARED-MDL-GROUP-001\main_v1\NCBI692\ADAPTIVE_K4_E1\count.cnt,1.8589999999967404,1.4369999999762513,True,3050,15028,13542370,36601,1580215,370,NCBI692,success,996447,355990,06dc9fbe7b354cf1cc9c1d6394d492ac4acad50c07b8013947cd5b8c875045cb,29bd3ba4b3267a1ef872df7bb8b4772aabbb761839eb70924af21dd80ae1ef7f,2847897.4832566767,f0037d20a22fe29c2f64a79a212253e3de937e45603370a54b8f146d857d56bd
8,bdb22b99abbad2413ab0c743c49be133d50d00a4d10f64bb08802ec1b3ff71e5,ADAPTIVE,E:\count压缩\baseline\evidence\COUNT-SHARED-MDL-GROUP-001\main_v1\NCBI692\ADAPTIVE_K8_E0\count.cnt,1.8439999999827705,1.4380000000237487,False,3051,12664,13542370,36601,1580215,370,NCBI692,success,993937,355843,06dc9fbe7b354cf1cc9c1d6394d492ac4acad50c07b8013947cd5b8c875045cb,29bd3ba4b3267a1ef872df7bb8b4772aabbb761839eb70924af21dd80ae1ef7f,2846726.352291708,80e379b367519700365d373887f360c4ab9215c96fb205d7bd475fa47f1a3051
8,5e0d7a2a398cfc826d8a741e77305d299bd16dc2208986a101de929bcde4f88c,ADAPTIVE,E:\count压缩\baseline\evidence\COUNT-SHARED-MDL-GROUP-001\main_v1\NCBI692\ADAPTIVE_K8_E1\count.cnt,1.8589999999967404,1.4369999999762513,True,3050,15492,13542370,36601,1580215,370,NCBI692,success,996242,355321,06dc9fbe7b354cf1cc9c1d6394d492ac4acad50c07b8013947cd5b8c875045cb,29bd3ba4b3267a1ef872df7bb8b4772aabbb761839eb70924af21dd80ae1ef7f,2842543.27358294,17e2bc9bdd65854cbb9bef0c9e686f10e06830a5b501c91d43e146fdc33cc419
16,c489ee9118506afaf0b3798da44759ffdfb1fc2cd0f485d24d6968fbf32a5504,ADAPTIVE,E:\count压缩\baseline\evidence\COUNT-SHARED-MDL-GROUP-001\main_v1\NCBI692\ADAPTIVE_K16_E0\count.cnt,1.8589999999967404,1.4679999999934807,False,3052,15272,13542370,36601,1580215,370,NCBI692,success,995860,355157,06dc9fbe7b354cf1cc9c1d6394d492ac4acad50c07b8013947cd5b8c875045cb,29bd3ba4b3267a1ef872df7bb8b4772aabbb761839eb70924af21dd80ae1ef7f,2841235.151375071,5457619ef59f15cd7123d6f246e60a80053b7bfa9c5839242321674a03116073
16,2c96b9491be9b583cf3d2450667b78e9a7f015d934216f829c05b9a754e7ae66,ADAPTIVE,E:\count压缩\baseline\evidence\COUNT-SHARED-MDL-GROUP-001\main_v1\NCBI692\ADAPTIVE_K16_E1\count.cnt,1.8589999999967404,1.437999999965541,True,3051,17516,13542370,36601,1580215,370,NCBI692,success,997834,354888,06dc9fbe7b354cf1cc9c1d6394d492ac4acad50c07b8013947cd5b8c875045cb,29bd3ba4b3267a1ef872df7bb8b4772aabbb761839eb70924af21dd80ae1ef7f,2839085.09789489,483f3fb4c7f48ba425f567c22ec202ddb2c1dd5c1803c7688ff1f23856855d88
32,5dbf2cc4e0a1fc02b398421446ccd0971d66c9330ae58d7077baabf3378f4f3b,ADAPTIVE,E:\count压缩\baseline\evidence\COUNT-SHARED-MDL-GROUP-001\main_v1\NCBI692\ADAPTIVE_K32_E0\count.cnt,1.8589999999967404,1.4369999999762513,False,3052,17360,13542370,36601,1580215,370,NCBI692,success,997871,355080,06dc9fbe7b354cf1cc9c1d6394d492ac4acad50c07b8013947cd5b8c875045cb,29bd3ba4b3267a1ef872df7bb8b4772aabbb761839eb70924af21dd80ae1ef7f,2840617.488640349,e30d473c21ef097d4f71fe9474bff7c42abbfbec9520aef94aa9e8579b4f62fd
32,21ac776db7f962ee43bd39e3e8954d93fbe2958ffcb175be8823b95515fc245a,ADAPTIVE,E:\count压缩\baseline\evidence\COUNT-SHARED-MDL-GROUP-001\main_v1\NCBI692\ADAPTIVE_K32_E1\count.cnt,1.8600000000442378,1.4380000000237487,True,3051,19573,13542370,36601,1580215,370,NCBI692,success,999827,354824,06dc9fbe7b354cf1cc9c1d6394d492ac4acad50c07b8013947cd5b8c875045cb,29bd3ba4b3267a1ef872df7bb8b4772aabbb761839eb70924af21dd80ae1ef7f,2838573.914338989,f20f975d6783d8ceb7acf5e8f8109e210fc918efc77ab9b59c7349d05905ea21
0,110714d95aedc8c351819dd7d877c5bb1a8433d5098d2109f47a9eac3c4bc17d,FIXED_SHARED,E:\count压缩\baseline\evidence\COUNT-SHARED-MDL-GROUP-001\main_v1\NCBI715\FIXED_SHARED_K0_E0\count.cnt,10.530999999959022,0,False,2931,72,92238245,32285,15411726,2857,NCBI715,success,7812750,4169513,,,,
1,51a5b73fe43a17460a6b717a4470628683e89b343f5ee6e50a67fd2747d31e9e,GLOBAL_SHARED,E:\count压缩\baseline\evidence\COUNT-SHARED-MDL-GROUP-001\main_v1\NCBI715\GLOBAL_SHARED_K1_E0\count.cnt,10.561999999976251,5.797000000020489,False,3060,75,92238245,32285,15411726,2857,NCBI715,success,8032769,4389400,b2e44b452b06fee9ac9745293c696f551d6d83328df4fd9015a0f3eca33420ec,f1668a273238eed5303c66025b481933a4e4e657eed770f0a2cf47403bb38a1d,35115221.22550316,ca49a77e9ba88edf197f9ce0f6af6c8309d2418933578eb13e0388bb56076d7b
32285,e225a0b63e9bc8629157b334d79dd9359653cf3b8a2e4cf204f463435b9c80f9,PER_GENE,E:\count压缩\baseline\evidence\COUNT-SHARED-MDL-GROUP-001\main_v1\NCBI715\PER_GENE_K32285_E0\count.cnt,10.577999999979511,5.594000000040978,False,3062,53403,92238245,32285,15411726,2857,NCBI715,success,7808621,4111922,b2e44b452b06fee9ac9745293c696f551d6d83328df4fd9015a0f3eca33420ec,f1668a273238eed5303c66025b481933a4e4e657eed770f0a2cf47403bb38a1d,32895414.443969056,d374ce5c8927377deb12861dcbaeef5bf2293cc37b0de4a04454b99b11b1ccf4
1,a4e1bbb06c63d02405ce8e06707a79f1326c13ffdbeb50b979a61d9e62405149,ADAPTIVE,E:\count压缩\baseline\evidence\COUNT-SHARED-MDL-GROUP-001\main_v1\NCBI715\ADAPTIVE_K1_E0\count.cnt,10.422000000020489,5.60899999999674,False,3055,75,92238245,32285,15411726,2857,NCBI715,success,8032764,4389400,b2e44b452b06fee9ac9745293c696f551d6d83328df4fd9015a0f3eca33420ec,f1668a273238eed5303c66025b481933a4e4e657eed770f0a2cf47403bb38a1d,35115221.22550316,ca49a77e9ba88edf197f9ce0f6af6c8309d2418933578eb13e0388bb56076d7b
1,e72b797d47381330107e04c0b467c2dfca46265031fd96f97d2701eb843eb5ad,ADAPTIVE,E:\count压缩\baseline\evidence\COUNT-SHARED-MDL-GROUP-001\main_v1\NCBI715\ADAPTIVE_K1_E1\count.cnt,10.59399999998277,5.60999999998603,True,3057,30047,92238245,32285,15411726,2857,NCBI715,success,7785671,4112333,b2e44b452b06fee9ac9745293c696f551d6d83328df4fd9015a0f3eca33420ec,f1668a273238eed5303c66025b481933a4e4e657eed770f0a2cf47403bb38a1d,32898702.46685525,bf7e266bc6a714a9d489f33a54374de4c4d19be743b662935c35eec120e82603
2,b2118958e05a3d6f51780b688ec0906709c1068ed5c031b7f56b5bff8b4e90fd,ADAPTIVE,E:\count压缩\baseline\evidence\COUNT-SHARED-MDL-GROUP-001\main_v1\NCBI715\ADAPTIVE_K2_E0\count.cnt,10.469000000040978,5.625,False,3057,4938,92238245,32285,15411726,2857,NCBI715,success,7851990,4203761,b2e44b452b06fee9ac9745293c696f551d6d83328df4fd9015a0f3eca33420ec,f1668a273238eed5303c66025b481933a4e4e657eed770f0a2cf47403bb38a1d,33630126.12671565,ede4dd337274e53682463d3a0bd610f0edcb2c1246ec62c0039062229642b95e
2,a19f943bf7cd8d1c59b9d2869dee09c477e70193fc89b13fad15b9e3561a9f99,ADAPTIVE,E:\count压缩\baseline\evidence\COUNT-SHARED-MDL-GROUP-001\main_v1\NCBI715\ADAPTIVE_K2_E1\count.cnt,10.438000000023749,5.625,True,3057,32954,92238245,32285,15411726,2857,NCBI715,success,7788320,4112075,b2e44b452b06fee9ac9745293c696f551d6d83328df4fd9015a0f3eca33420ec,f1668a273238eed5303c66025b481933a4e4e657eed770f0a2cf47403bb38a1d,32896639.86562066,a11bd214e936deb491ecb90ed0f7c32d394b1b43a3e16d37aaa05520e70c6ead
4,ebe5760f6d8e3cdf71a755ff003d9c1f698376a2943d54593dd9bee991502578,ADAPTIVE,E:\count压缩\baseline\evidence\COUNT-SHARED-MDL-GROUP-001\main_v1\NCBI715\ADAPTIVE_K4_E0\count.cnt,10.438000000023749,5.64000000001397,False,3057,8514,92238245,32285,15411726,2857,NCBI715,success,7793840,4142035,b2e44b452b06fee9ac9745293c696f551d6d83328df4fd9015a0f3eca33420ec,f1668a273238eed5303c66025b481933a4e4e657eed770f0a2cf47403bb38a1d,33136321.010070283,97a1cf2704094bc56153bd0704e7dd09e655eee335c86d734fef2d244236e598
4,4457062a92f1fdcb3328537d3a6640d08c31b8c0bd1572da388fc885244ae094,ADAPTIVE,E:\count压缩\baseline\evidence\COUNT-SHARED-MDL-GROUP-001\main_v1\NCBI715\ADAPTIVE_K4_E1\count.cnt,10.436999999976251,5.657000000006519,True,3057,32560,92238245,32285,15411726,2857,NCBI715,success,7787685,4111834,b2e44b452b06fee9ac9745293c696f551d6d83328df4fd9015a0f3eca33420ec,f1668a273238eed5303c66025b481933a4e4e657eed770f0a2cf47403bb38a1d,32894711.050535344,f3b42d65626479a2f3ed0f3838d5364a579b021e2f34c3b25971ef002126ee58
8,28b72d8331e7b1f50c474c7a67413790c5939021d3ef63207bb43ca4a51835d3,ADAPTIVE,E:\count压缩\baseline\evidence\COUNT-SHARED-MDL-GROUP-001\main_v1\NCBI715\ADAPTIVE_K8_E0\count.cnt,10.469000000040978,5.670999999972992,False,3058,11723,92238245,32285,15411726,2857,NCBI715,success,7779420,4124405,b2e44b452b06fee9ac9745293c696f551d6d83328df4fd9015a0f3eca33420ec,f1668a273238eed5303c66025b481933a4e4e657eed770f0a2cf47403bb38a1d,32995281.05546754,334f49eea12173a3635652abfb3183a7e0032b3e88d093771210c8d9575ba4b1
8,1709ad7a9ba5ec04d36746731716e16c3166723842283d72b894f52e359ad1f6,ADAPTIVE,E:\count压缩\baseline\evidence\COUNT-SHARED-MDL-GROUP-001\main_v1\NCBI715\ADAPTIVE_K8_E1\count.cnt,10.5,5.687000000034459,True,3057,31842,92238245,32285,15411726,2857,NCBI715,success,7787683,4112550,b2e44b452b06fee9ac9745293c696f551d6d83328df4fd9015a0f3eca33420ec,f1668a273238eed5303c66025b481933a4e4e657eed770f0a2cf47403bb38a1d,32900445.537512846,9ee72480a25ceee20419cac7d5bdb8ee45a79bb1d91efd5d70bee081bcb2daab
16,b279fff22a23666e2053710974eb454f9d1549fecde23cfc0d19a04e7c904ab7,ADAPTIVE,E:\count压缩\baseline\evidence\COUNT-SHARED-MDL-GROUP-001\main_v1\NCBI715\ADAPTIVE_K16_E0\count.cnt,10.764999999955762,5.672000000020489,False,3059,14735,92238245,32285,15411726,2857,NCBI715,success,7775118,4117090,b2e44b452b06fee9ac9745293c696f551d6d83328df4fd9015a0f3eca33420ec,f1668a273238eed5303c66025b481933a4e4e657eed770f0a2cf47403bb38a1d,32936760.683647163,fcdc1753045d81d7e7528fa44f6c1273325ca63936cb4f7a128b8b6746a4891b
16,59f3aaa177cdd3cefd0284fb1efbf1e54720f3efec0a101f508f174a09ff5959,ADAPTIVE,E:\count压缩\baseline\evidence\COUNT-SHARED-MDL-GROUP-001\main_v1\NCBI715\ADAPTIVE_K16_E1\count.cnt,10.51600000000326,5.6560000000172295,True,3058,30946,92238245,32285,15411726,2857,NCBI715,success,7786908,4112670,b2e44b452b06fee9ac9745293c696f551d6d83328df4fd9015a0f3eca33420ec,f1668a273238eed5303c66025b481933a4e4e657eed770f0a2cf47403bb38a1d,32901404.097382665,297d94f3d91e4e576221b7a1ed5548b8f16f5d1d6eebcaf6dff7d99130ed67b4
32,40af05d2df2908758f75d1085a07368a78b475d4f32913f8ec9015cc1db63180,ADAPTIVE,E:\count压缩\baseline\evidence\COUNT-SHARED-MDL-GROUP-001\main_v1\NCBI715\ADAPTIVE_K32_E0\count.cnt,10.313000000023749,5.905999999959022,False,3059,17273,92238245,32285,15411726,2857,NCBI715,success,7776079,4115513,b2e44b452b06fee9ac9745293c696f551d6d83328df4fd9015a0f3eca33420ec,f1668a273238eed5303c66025b481933a4e4e657eed770f0a2cf47403bb38a1d,32924143.865661945,6bcb910968b461cd80ff50d1f45c46fd47b61fb92e2d7cee04c1c75460342789
32,a99a6ff8dcdcd28a76ce8c07d02f1248ba5152c0e4071c6a7ba7f8dbe240a218,ADAPTIVE,E:\count压缩\baseline\evidence\COUNT-SHARED-MDL-GROUP-001\main_v1\NCBI715\ADAPTIVE_K32_E1\count.cnt,10.545999999972992,5.688000000023749,True,3058,29178,92238245,32285,15411726,2857,NCBI715,success,7785209,4112739,b2e44b452b06fee9ac9745293c696f551d6d83328df4fd9015a0f3eca33420ec,f1668a273238eed5303c66025b481933a4e4e657eed770f0a2cf47403bb38a1d,32901955.652357455,44a4538b565b874e7e57a87eb8916eea0afbe97b4bf2c6d9623e1e3053ac66a7
0,7dea21df1715819bc04b979d9cb2d939afdc033e3b371ce7864257150fe92a2b,FIXED_SHARED,E:\count压缩\baseline\evidence\COUNT-SHARED-MDL-GROUP-001\main_v1\NCBI618\FIXED_SHARED_K0_E0\count.cnt,11.40600000001723,0,False,2931,69,155016576,31053,16679225,4992,NCBI618,success,8715277,3980161,,,,
1,a852b5693a5aaa0e6860e1bebcbdb3b22ecbfb308d7fe662be8d276bf8ab0b94,GLOBAL_SHARED,E:\count压缩\baseline\evidence\COUNT-SHARED-MDL-GROUP-001\main_v1\NCBI618\GLOBAL_SHARED_K1_E0\count.cnt,11.21899999998277,5.922000000020489,False,3060,73,155016576,31053,16679225,4992,NCBI618,success,8980713,4245464,5df1e8f995f69ce251ad65db9108918e391496a3171476f44dab3b08238bfa98,23deefb101dc1a33a2e3bb18e8a82d5ee1697fbc757c5ac3cc9b82af395f6486,33963723.577962324,a8fb131f4efd277715a1a574f13503d140e98f4af520f490fe3028e60905c198
31053,367a9f911d17f0e5cf4a4404ddb199c2057d30a671001fdeb36690b7b066067e,PER_GENE,E:\count压缩\baseline\evidence\COUNT-SHARED-MDL-GROUP-001\main_v1\NCBI618\PER_GENE_K31053_E0\count.cnt,11.23399999999674,5.937000000034459,False,3062,47726,155016576,31053,16679225,4992,NCBI618,success,8670579,3887675,5df1e8f995f69ce251ad65db9108918e391496a3171476f44dab3b08238bfa98,23deefb101dc1a33a2e3bb18e8a82d5ee1697fbc757c5ac3cc9b82af395f6486,31101438.96330201,8b4eeee9ce980317b6c8b04dd4c013c1ec0a064b032114452e3e1f0005629d94
1,b0b3bb5ae0e72b0839e7d6bd136a0d5e79eb3a1f77daca9900c0444c5ad4e04c,ADAPTIVE,E:\count压缩\baseline\evidence\COUNT-SHARED-MDL-GROUP-001\main_v1\NCBI618\ADAPTIVE_K1_E0\count.cnt,11.26600000000326,5.936999999976251,False,3055,73,155016576,31053,16679225,4992,NCBI618,success,8980708,4245464,5df1e8f995f69ce251ad65db9108918e391496a3171476f44dab3b08238bfa98,23deefb101dc1a33a2e3bb18e8a82d5ee1697fbc757c5ac3cc9b82af395f6486,33963723.577962324,a8fb131f4efd277715a1a574f13503d140e98f4af520f490fe3028e60905c198
1,247406736e852b9edfd13f1ffcc8568c21f0a9933bfad70becfabaa02fbd4ce5,ADAPTIVE,E:\count压缩\baseline\evidence\COUNT-SHARED-MDL-GROUP-001\main_v1\NCBI618\ADAPTIVE_K1_E1\count.cnt,11.280999999959022,6.375,True,3057,25776,155016576,31053,16679225,4992,NCBI618,success,8649076,3888127,5df1e8f995f69ce251ad65db9108918e391496a3171476f44dab3b08238bfa98,23deefb101dc1a33a2e3bb18e8a82d5ee1697fbc757c5ac3cc9b82af395f6486,31105052.485768236,c737fc09cfe88dcbeb616cba1301884d3ce1496f4c6b6c14ac3911ee2072a8cb
2,86a6971b27cb6e065164cb1a9a6d2ad5fe0ea4b21b2198935fa7f61bde651185,ADAPTIVE,E:\count压缩\baseline\evidence\COUNT-SHARED-MDL-GROUP-001\main_v1\NCBI618\ADAPTIVE_K2_E0\count.cnt,11.297000000020489,5.952999999979511,False,3057,4772,155016576,31053,16679225,4992,NCBI618,success,8747939,4007994,5df1e8f995f69ce251ad65db9108918e391496a3171476f44dab3b08238bfa98,23deefb101dc1a33a2e3bb18e8a82d5ee1697fbc757c5ac3cc9b82af395f6486,32063983.523622863,749f71fa2e9ef0188a447c20f04a5a5c7bf8944e02a6d97fc18bc6bc8cc7a1a8
2,982228c36cf2227c3265af57e58cf3f923e07ef900df75a5d0dcd4f0762e1df0,ADAPTIVE,E:\count压缩\baseline\evidence\COUNT-SHARED-MDL-GROUP-001\main_v1\NCBI618\ADAPTIVE_K2_E1\count.cnt,11.297000000020489,5.967999999993481,True,3057,28713,155016576,31053,16679225,4992,NCBI618,success,8651751,3887865,5df1e8f995f69ce251ad65db9108918e391496a3171476f44dab3b08238bfa98,23deefb101dc1a33a2e3bb18e8a82d5ee1697fbc757c5ac3cc9b82af395f6486,31102956.235272598,da027aa3a821d04fcf9e5443b8050ab879b30f9f1a4526b80c7a8e532de8f204
4,8fd4dda48788cb31618893ea29ac5ed24a7410db2f069d670f808b096bc114cc,ADAPTIVE,E:\count压缩\baseline\evidence\COUNT-SHARED-MDL-GROUP-001\main_v1\NCBI618\ADAPTIVE_K4_E0\count.cnt,11.311999999976251,5.9689999999827705,False,3057,7501,155016576,31053,16679225,4992,NCBI618,success,8669567,3926893,5df1e8f995f69ce251ad65db9108918e391496a3171476f44dab3b08238bfa98,23deefb101dc1a33a2e3bb18e8a82d5ee1697fbc757c5ac3cc9b82af395f6486,31415183.575255547,773657bde58541bed5047fe4bdd00c7bfb607f2b29dda9d4039c163606fce3df
4,e4dca9f92866ce85bb5a375c5e2ed8277614f369ab18442ec84be34c6ad164f9,ADAPTIVE,E:\count压缩\baseline\evidence\COUNT-SHARED-MDL-GROUP-001\main_v1\NCBI618\ADAPTIVE_K4_E1\count.cnt,11.125,6.202999999979511,True,3057,27831,155016576,31053,16679225,4992,NCBI618,success,8650563,3887559,5df1e8f995f69ce251ad65db9108918e391496a3171476f44dab3b08238bfa98,23deefb101dc1a33a2e3bb18e8a82d5ee1697fbc757c5ac3cc9b82af395f6486,31100508.88578747,715f6fcfc51c188a8f0352ef12859e8e506cc4c440810638822a0943abb50ebd
8,25bf2c2ea2d65c4f504fc5f86855375924ecefd708494e23179a1bc6b28ee748,ADAPTIVE,E:\count压缩\baseline\evidence\COUNT-SHARED-MDL-GROUP-001\main_v1\NCBI618\ADAPTIVE_K8_E0\count.cnt,11.125,6.0,False,3058,10415,155016576,31053,16679225,4992,NCBI618,success,8645780,3900191,5df1e8f995f69ce251ad65db9108918e391496a3171476f44dab3b08238bfa98,23deefb101dc1a33a2e3bb18e8a82d5ee1697fbc757c5ac3cc9b82af395f6486,31201564.211901408,4df5bc916c90626feb3876cdb970be2e346680c0d9dab303fe6a1332b6bd9445
8,5e3d3a5eae5207e0b3aa0ff053f10b430041d6f8341ac876199aff18477da010,ADAPTIVE,E:\count压缩\baseline\evidence\COUNT-SHARED-MDL-GROUP-001\main_v1\NCBI618\ADAPTIVE_K8_E1\count.cnt,11.35999999998603,6.0,True,3057,26648,155016576,31053,16679225,4992,NCBI618,success,8649879,3888058,5df1e8f995f69ce251ad65db9108918e391496a3171476f44dab3b08238bfa98,23deefb101dc1a33a2e3bb18e8a82d5ee1697fbc757c5ac3cc9b82af395f6486,31104502.669029303,be2155ae303e8c5c7addbb080af00e114997f9cc70a36792e7ec333edfb02828
16,fac5e9bd9e4fdd04612d83d1eaa2a723447072fc82ce5947403ead7f0b25e883,ADAPTIVE,E:\count压缩\baseline\evidence\COUNT-SHARED-MDL-GROUP-001\main_v1\NCBI618\ADAPTIVE_K16_E0\count.cnt,11.375,5.98499999998603,False,3059,13078,155016576,31053,16679225,4992,NCBI618,success,8641075,3892822,5df1e8f995f69ce251ad65db9108918e391496a3171476f44dab3b08238bfa98,23deefb101dc1a33a2e3bb18e8a82d5ee1697fbc757c5ac3cc9b82af395f6486,31142616.033104282,2f4390d201069449e8f4bd195940937b821b84f637320565ecd2e399c4aa127c
16,b4bd86b155cd83ee49e67172c53ec322f1f4302a7ab3b29ae40099665cbb8638,ADAPTIVE,E:\count压缩\baseline\evidence\COUNT-SHARED-MDL-GROUP-001\main_v1\NCBI618\ADAPTIVE_K16_E1\count.cnt,11.172000000020489,6.0,True,3058,26042,155016576,31053,16679225,4992,NCBI618,success,8649378,3888162,5df1e8f995f69ce251ad65db9108918e391496a3171476f44dab3b08238bfa98,23deefb101dc1a33a2e3bb18e8a82d5ee1697fbc757c5ac3cc9b82af395f6486,31105333.886631068,46eaf4618bf103731e4bf8c6f4eb581a7659f26a1d3b1677379c1b832697b155
32,8fb3c7b333a96a49b9f6335aacee370a3aff3b55f4b1c70e28a098d7c0b10997,ADAPTIVE,E:\count压缩\baseline\evidence\COUNT-SHARED-MDL-GROUP-001\main_v1\NCBI618\ADAPTIVE_K32_E0\count.cnt,11.40600000001723,6.032000000006519,False,3059,15106,155016576,31053,16679225,4992,NCBI618,success,8641299,3891018,5df1e8f995f69ce251ad65db9108918e391496a3171476f44dab3b08238bfa98,23deefb101dc1a33a2e3bb18e8a82d5ee1697fbc757c5ac3cc9b82af395f6486,31128181.210666656,f3e7332160b178763648fe23ce592dd86a3536ad51d45f055cf1a202cc52074f
32,c45a2e1851e87b3e5ff16432bef32277717532656d80a332cdf339b1eb6c5fc7,ADAPTIVE,E:\count压缩\baseline\evidence\COUNT-SHARED-MDL-GROUP-001\main_v1\NCBI618\ADAPTIVE_K32_E1\count.cnt,11.188000000023749,6.045999999972992,True,3058,25141,155016576,31053,16679225,4992,NCBI618,success,8648467,3888152,5df1e8f995f69ce251ad65db9108918e391496a3171476f44dab3b08238bfa98,23deefb101dc1a33a2e3bb18e8a82d5ee1697fbc757c5ac3cc9b82af395f6486,31105252.55115606,f8d317471dae5a7472de6e2b6c155c20d49f8438bbfc8818e036e7c867cb42d3
