sample_id,arm,K,exceptionsflag,total_bytes,saved_bytes,saved_percent,modelblob_bytes,model_saved_bytes,value_stream_bytes,stream_saved_bytes,framing_saved_bytes,bits_per_count,bits_per_nonzero,selected_artifact,adaptive_search_encode_seconds
NCBI692,GLOBAL_SHARED,1,False,1005170,-16680,-1.6874222298657549,74,2,379664,-16553,-129,0.5937926670147101,5.08877589441943,E:\count压缩\baseline\evidence\COUNT-SHARED-MDL-GROUP-001\main_v1\NCBI692\GLOBAL_SHARED_K1_E0\count.cnt,
NCBI692,PER_GENE,36601,False,1031704,-43214,-4.371718479701363,51444,-51368,354826,8285,-131,0.6094673236663892,5.223106982277728,E:\count压缩\baseline\evidence\COUNT-SHARED-MDL-GROUP-001\main_v1\NCBI692\PER_GENE_K36601_E0\count.cnt,
NCBI692,FIXED_SHARED,0,False,988490,0,0.0,76,0,363111,0,0,0.5839391480220966,5.0043316890423135,E:\count压缩\baseline\evidence\COUNT-SHARED-MDL-GROUP-001\main_v1\NCBI692\FIXED_SHARED_K0_E0\count.cnt,
NCBI692,ADAPTIVE_MDL,4,False,992888,-4398,-0.44492104118402814,9555,-9479,357904,5207,-126,0.5865372161593576,5.026597013697503,E:\count压缩\baseline\evidence\COUNT-SHARED-MDL-GROUP-001\main_v1\NCBI692\ADAPTIVE_K4_E0\count.cnt,16.82800000003772
NCBI692,ADAPTIVE_WITHOUT_EXCEPTIONS,4,False,992888,-4398,-0.44492104118402814,9555,-9479,357904,5207,-126,0.5865372161593576,5.026597013697503,E:\count压缩\baseline\evidence\COUNT-SHARED-MDL-GROUP-001\main_v1\NCBI692\ADAPTIVE_K4_E0\count.cnt,
NCBI715,GLOBAL_SHARED,1,False,8032769,-220019,-2.816153083101341,75,-3,4389400,-219887,-129,0.6966974707725629,4.169692090295403,E:\count压缩\baseline\evidence\COUNT-SHARED-MDL-GROUP-001\main_v1\NCBI715\GLOBAL_SHARED_K1_E0\count.cnt,
NCBI715,PER_GENE,32285,False,7808621,4129,0.0528495088157179,53403,-53331,4111922,57591,-131,0.6772566845780728,4.053340164495528,E:\count压缩\baseline\evidence\COUNT-SHARED-MDL-GROUP-001\main_v1\NCBI715\PER_GENE_K32285_E0\count.cnt,
NCBI715,FIXED_SHARED,0,False,7812750,0,0.0,72,0,4169513,0,0,0.6776148006718905,4.0554834675882505,E:\count压缩\baseline\evidence\COUNT-SHARED-MDL-GROUP-001\main_v1\NCBI715\FIXED_SHARED_K0_E0\count.cnt,
NCBI715,ADAPTIVE_MDL,16,False,7775118,37632,0.4816741864260344,14735,-14663,4117090,52423,-128,0.6743509050936518,4.035949250590103,E:\count压缩\baseline\evidence\COUNT-SHARED-MDL-GROUP-001\main_v1\NCBI715\ADAPTIVE_K16_E0\count.cnt,68.0460000000312
NCBI715,ADAPTIVE_WITHOUT_EXCEPTIONS,16,False,7775118,37632,0.4816741864260344,14735,-14663,4117090,52423,-128,0.6743509050936518,4.035949250590103,E:\count压缩\baseline\evidence\COUNT-SHARED-MDL-GROUP-001\main_v1\NCBI715\ADAPTIVE_K16_E0\count.cnt,
NCBI618,GLOBAL_SHARED,1,False,8980713,-265436,-3.0456404311647236,73,-4,4245464,-265303,-129,0.4634711064705751,4.307496541356088,E:\count压缩\baseline\evidence\COUNT-SHARED-MDL-GROUP-001\main_v1\NCBI618\GLOBAL_SHARED_K1_E0\count.cnt,
NCBI618,PER_GENE,31053,False,8670579,44698,0.5128695278417428,47726,-47657,3887675,92486,-131,0.4474659019690901,4.158744306165304,E:\count压缩\baseline\evidence\COUNT-SHARED-MDL-GROUP-001\main_v1\NCBI618\PER_GENE_K31053_E0\count.cnt,
NCBI618,FIXED_SHARED,0,False,8715277,0,0.0,69,0,3980161,0,0,0.44977264882950324,4.180183191964854,E:\count压缩\baseline\evidence\COUNT-SHARED-MDL-GROUP-001\main_v1\NCBI618\FIXED_SHARED_K0_E0\count.cnt,
NCBI618,ADAPTIVE_MDL,16,False,8641075,74202,0.851401510244597,13078,-13009,3892822,87339,-128,0.4459432777047017,4.144593049137475,E:\count压缩\baseline\evidence\COUNT-SHARED-MDL-GROUP-001\main_v1\NCBI618\ADAPTIVE_K16_E0\count.cnt,72.46799999987707
NCBI618,ADAPTIVE_WITHOUT_EXCEPTIONS,16,False,8641075,74202,0.851401510244597,13078,-13009,3892822,87339,-128,0.4459432777047017,4.144593049137475,E:\count压缩\baseline\evidence\COUNT-SHARED-MDL-GROUP-001\main_v1\NCBI618\ADAPTIVE_K16_E0\count.cnt,
