id,species,st_technology,organ,disease_state,study_link,patient,license,source_path,file_exists,source_file_bytes,historical_role,prior_candidate_flag,selected,run_id,result_path,source_h5ad_bytes,source_sha256,archive_sha256,archive_bytes,n_spots,n_genes,n_counts,n_nonzero,dense_int64_bytes,estimated_csr_payload_bytes,count_stream_bytes,model_bytes,graph_index_bytes,identity_coordinates_bytes,manifest_bytes,zip_framing_bytes,full_archive_bits_per_count,full_archive_bits_per_nonzero,count_stream_bits_per_count,count_stream_bits_per_nonzero,exact_recovery,tissue,preservation_method,dataset_title,subseries,download_page_link1,density,zero_fraction,overhead_fraction,dense_factor,csr_est_factor,h5ad_factor,site_status,size_quartile,selection_hash,extension_role,data_role,source_exists_preflight
NCBI180,Mus musculus,Spatial Transcriptomics,Spinal cord,Diseased,https://www.science.org/doi/10.1126/science.aav9776?url_ver=Z39.88-2003&rfr_id=ori:rid:crossref.org&rfr_dat=cr_pub%20%200pubmed,,,E:\Hestdata\st\NCBI180.h5ad,True,42738074,exposure_unresolved,False,True,main_v2/NCBI180,E:\count压缩\baseline\evidence\COUNT-HEST-SHARED-RESUME-001\main_v2\NCBI180\RESULT.json,42738074,f7565f113f5f59b6c78146811aac9ee1e9ad46affbafd337fea0d66624e66f34,c018d7c3c469505a09f08b0a16cadc532dcb93fd526f9d27779e1bcb50f64d50,254423,330,14594,4816020,283994,38528160,3409252,180364,14871,2259,54010,1655,1264,0.4226278130074211,7.16699648584125,0.2996067292079352,5.080783396832327,True,Spinal cord,,Spatiotemporal dynamics of molecular pathology in amyotrophic lateral sclerosis,L7CN78_C1,                                            ,0.0589686089343482,0.9410313910656516,0.2910861046367663,151.4334788914524,13.39993632651136,167.98038699331428,source tissue label; not necessarily anatomical subregion,0,a5160a75e1b3a468c8484a0854e740d9b2f12f5887062d5d0ac1e4f3bd3d0785,prior_K_scan_8,exposed_HEST_exploratory_extension; not independent biological holdout,True
SPA58,Homo sapiens,Spatial Transcriptomics,Breast,Cancer,https://www.science.org/doi/10.1126/science.aaf2403,BC23288,CC BY 4.0,E:\Hestdata\st\SPA58.h5ad,True,72426841,exposure_unresolved,False,True,main_v3/SPA58,E:\count压缩\baseline\evidence\COUNT-HEST-SHARED-RESUME-001\main_v3\SPA58\RESULT.json,72426841,d74cb550e659857f601ec4c7e86725e7f97eff3fdc625fb25088f446014dee8f,7c02fa8672319a5072a30c8f13c661944f959115f500551c7701dac633bb1cf5,585999,480,17641,8467680,851740,67741440,10222804,497544,22420,3375,59738,1658,1264,0.5536335808627629,5.504017657970742,0.4700640553256618,4.673200742010473,True,Breast,,Integrating spatial gene expression and breast tumour morphology via deep learning,BC23288_E1,https://data.mendeley.com/datasets/29ntw7sh4r/5,0.1005871738185665,0.8994128261814334,0.1509473565654548,115.5999242319526,17.445087790252202,123.59550272270089,source tissue label; not necessarily anatomical subregion,2,9bbff26872efb76ae7f5f6d1fa01246c5bbb1bcb7f25622b710f29a175fe3d3f,prior_K_scan_8,exposed_HEST_exploratory_extension; not independent biological holdout,True
SPA37,Homo sapiens,Spatial Transcriptomics,Heart,Healthy,https://www.sciencedirect.com/science/article/pii/S0092867419312826?via%3Dihub,,CC BY 4.0,E:\Hestdata\st\SPA37.h5ad,True,64712339,exposure_unresolved,False,True,main_v2/SPA37,E:\count压缩\baseline\evidence\COUNT-HEST-SHARED-RESUME-001\main_v2\SPA37\RESULT.json,64712339,7fe6e43b93d513a31f45c88bd6aba61425901dbf6eba4541f7ff312d45d9b565,704dacf73bfddf822236446e1b25cbab6fd7458925299d81c354c3e82188b8ec,409610,182,39739,7232498,423607,57859984,5084016,250379,28520,1104,126685,1658,1264,0.4530772079024425,7.735660647723007,0.2769488494846455,4.728514873455821,True,Heart,Snap Frozen,A spatiotemporal organ-wide gene expression and cell atlas of the developing human heart,ST_Sample_6.5PCW_8,https://data.mendeley.com/datasets/mbvhhf8m62/2,0.0585699436073124,0.9414300563926876,0.3887380679182637,141.25627792290229,12.411845413930324,157.9852518249066,source tissue label; not necessarily anatomical subregion,1,033a6a49136e977314124a2abe1431871b8099125773dca9c5f880318cd2af27,additional_K_comparison_42,exposed_HEST_exploratory_extension; not independent biological holdout,True
NCBI383,Mus musculus,Spatial Transcriptomics,Brain,Healthy,https://www.science.org/doi/10.1126/sciadv.abb3446,,Creative Commons Attribution NonCommercial License 4.0,E:\Hestdata\st\NCBI383.h5ad,True,108990939,exposure_unresolved,False,True,main_v2/NCBI383,E:\count压缩\baseline\evidence\COUNT-HEST-SHARED-RESUME-001\main_v2\NCBI383\RESULT.json,108990939,eae056d0d9ae098b6e1d3bbf05d6b6181104a706449b744fcc9ba52a0fa338bc,4fbf341f2e89efc2769084691f38eeb8bcd9a190e374a87cd84f58c693509a1b,1042613,556,23371,12994276,1870818,103954208,22452044,929600,24151,3810,82129,1659,1264,0.641890629381737,4.458426207145751,0.5723135325123154,3.975159529147143,True,Brain,,Molecular Atlas of the Adult Mouse Brain,15A,                                            ,0.143972469108706,0.856027530891294,0.1083940062132353,99.7054592643675,21.53439866949673,104.53633227285675,source tissue label; not necessarily anatomical subregion,3,03a10e2e4ffee7e1f2c03d0d122df2cc2f0f49e86170cf7ccbca5df2fd8c72f9,additional_K_comparison_42,exposed_HEST_exploratory_extension; not independent biological holdout,True
MEND24,Homo sapiens,Spatial Transcriptomics,Prostate,Cancer,https://www.ncbi.nlm.nih.gov/pmc/articles/PMC9482614/,,CC BY 4.0,E:\Hestdata\st\MEND24.h5ad,True,33877677,exposure_unresolved,False,True,MEND24/MEND24,D:\HEST1000BenchRun\COUNT-HEST-1000-001\main_v1\MEND24\Shared\RESULT.json,33877677,82371e92def732905b40a5e19e9cacf3883367c1e413c558cac324354efc2068,0dc13a9f2d6fed18b3657405365e79065c8c2f707c537c2fa9d406941aa02eb4,405730,136,26437,3595432,510916,28763456,6131540,281995,27405,710,92699,1657,1264,0.9027677341693572,6.352981703450274,0.6274517220740095,4.415520359511152,True,prostate,Fresh Frozen,"Prostate needle biopsies pre- and post-ADT: Count matrices, histological-, and Androgen receptor immunohistochemistry images",Patient1_Biopsy1_rep1_chip1_d1,https://data.mendeley.com/datasets/mdt8n2xgf4/1,0.142101422026616,0.857898577973384,0.3049688216301481,70.89309639415374,15.112365366130184,83.49808246863678,source tissue label; not necessarily anatomical subregion,2,0e9a1106058334c290dabaf165f30581af18ca4c66d57a45b620374150958d0a,additional_K_comparison_42,exposed_HEST_exploratory_extension; not independent biological holdout,True
SPA8,Mus musculus,Spatial Transcriptomics,Brain,Healthy,https://pubmed.ncbi.nlm.nih.gov/27365449/,,,E:\Hestdata\st\SPA8.h5ad,True,32881032,exposure_unresolved,False,True,main_v2/SPA8,E:\count压缩\baseline\evidence\COUNT-HEST-SHARED-RESUME-001\main_v2\SPA8\RESULT.json,32881032,782befbf76200d70efbf9a63791824e087bcdb21b6a71022f8d8a55294ad6d6c,593b7de6f3e50b8bc6e77869f20ccc8041e16f00ecaf4b8c2555ab3cabc6728a,582117,234,15288,3577392,1026919,28619136,12323968,505728,18688,1482,53296,1659,1264,1.3017684391310764,4.534862048515998,1.1309423177555045,3.9397693488970407,True,Olfactory bulb,,Visualization and analysis of gene expression in tissue sections by spatial transcriptomics,MOB Replicate 8,https://www.spatialresearch.org/resources-published-datasets/doi-10-1126science-aaf2403/,0.2870580020305295,0.7129419979694704,0.1312261967954895,49.16388973350718,21.170946734075795,56.48526327181649,source tissue label; not necessarily anatomical subregion,3,140316eadfc741b44b1c742a91c75445bb1370066c6f7312677bdcc9e1194fb6,additional_K_comparison_42,exposed_HEST_exploratory_extension; not independent biological holdout,True
NCBI761,Homo sapiens,Spatial Transcriptomics,Skin,Cancer,https://www.ncbi.nlm.nih.gov/pmc/articles/PMC7391009/,Patient 10,,E:\Hestdata\st\NCBI761.h5ad,True,79358519,exposure_unresolved,False,True,main_v2/NCBI761,E:\count压缩\baseline\evidence\COUNT-HEST-SHARED-RESUME-001\main_v2\NCBI761\RESULT.json,79358519,319404c208c6d8f456266d806ffb5ff6d9fc04da964e4e060a714d906d8f445d,218dd71f9a440787cb9ca0942146fddd465f7d52a040ae24ef017530e44d9942,404751,608,15383,9352864,477083,74822912,5727432,326508,18089,3911,53322,1657,1264,0.3462049699428966,6.787095746442443,0.2792795875145837,5.475072471666356,True,Skin,FFPE,Single Cell and Spatial Analysis of Human Squamous Cell Carcinoma [ST],P10_ST_rep1,                                            ,0.0510092951207245,0.9489907048792756,0.1933114433318262,184.86158650627172,14.150507348962696,196.06750570103597,source tissue label; not necessarily anatomical subregion,1,110c413103355978be84e19dc9644781944388fb28b25c82ba9cb44181e4967e,additional_K_comparison_42,exposed_HEST_exploratory_extension; not independent biological holdout,True
NCBI289,Mus musculus,Spatial Transcriptomics,Spinal cord,Diseased,https://www.science.org/doi/10.1126/science.aav9776?url_ver=Z39.88-2003&rfr_id=ori:rid:crossref.org&rfr_dat=cr_pub%20%200pubmed,,,E:\Hestdata\st\NCBI289.h5ad,True,21067824,exposure_unresolved,False,True,main_v2/NCBI289,E:\count压缩\baseline\evidence\COUNT-HEST-SHARED-RESUME-001\main_v2\NCBI289\RESULT.json,21067824,b7d8b06cd900498f75a05b2acb527e17b2506167590e3d065d4132852e5957dc,25f72a569c50c5c510376d92f1efbb4065e9f5277531c83b87faae162ea87445,152755,161,13208,2126488,130306,17011904,1564320,91415,12853,959,44612,1652,1264,0.5746752391736986,9.378232775160008,0.3439097704760149,5.612327905084954,True,Spinal cord,,Spatiotemporal dynamics of molecular pathology in amyotrophic lateral sclerosis,CN77_E1,                                            ,0.0612775618766717,0.9387224381233282,0.4015580504729796,111.36724820791464,10.24071225164479,137.91904683971066,source tissue label; not necessarily anatomical subregion,0,01e9f2e38b9ba2b05dded861617621a0ccd25c4279f77f7cac66be4c582a6342,additional_K_comparison_42,exposed_HEST_exploratory_extension; not independent biological holdout,True
SPA149,Homo sapiens,Spatial Transcriptomics,Breast,Cancer,https://pubmed.ncbi.nlm.nih.gov/34650042/,Patient A,Creative Commons Attribution 4.0 International,E:\Hestdata\st\SPA149.h5ad,True,49393061,exposure_unresolved,False,True,main_v2/SPA149,E:\count压缩\baseline\evidence\COUNT-HEST-SHARED-RESUME-001\main_v2\SPA149\RESULT.json,49393061,cb8f64a201011a1eb3fcbdc35cc91428972adbec6d425770d527e4b56df450d8,af70cb3df2a44d9d7dba8c2c6d969c1939e4d7b6b7dde824d6b5354ecf98fc2c,643561,360,15645,5632200,1091286,45057600,13096876,566761,21547,2400,49930,1659,1264,0.9141166861972232,4.7178173274467,0.8050296509356912,4.154811845840595,True,Breast,Fresh Frozen,Spatial deconvolution of HER2-positive breast cancer delineates tumor-associated cell type interactions,A6,https://zenodo.org/records/4751624,0.1937583892617449,0.8062416107382551,0.1193360069985596,70.01294360596742,20.350636536396703,76.74961814031614,source tissue label; not necessarily anatomical subregion,3,11addfd2629ee42c4cedaea44bb86f9c7d2dfd8ae37f0c4ccf4ac16157eb7bfd,additional_K_comparison_42,exposed_HEST_exploratory_extension; not independent biological holdout,True
NCBI410,Mus musculus,Spatial Transcriptomics,Brain,Healthy,https://www.science.org/doi/10.1126/sciadv.abb3446,,Creative Commons Attribution NonCommercial License 4.0,E:\Hestdata\st\NCBI410.h5ad,True,33465787,exposure_unresolved,False,True,main_v2/NCBI410,E:\count压缩\baseline\evidence\COUNT-HEST-SHARED-RESUME-001\main_v2\NCBI410\RESULT.json,33465787,1f65fdbc5875514cf91e7e14bddc5b5e96c555756e1993902fee81fc871024c0,06a47c5b814436b4a76589f9a363050839131a4496f0b7996d92353072b208ae,430367,152,23371,3552392,647209,28419136,7767120,330569,20592,905,75380,1657,1264,0.9691880850987166,5.319666444687883,0.7444426178192046,4.086086565545288,True,Brain,,Molecular Atlas of the Adult Mouse Brain,01A,                                            ,0.1821896344772761,0.8178103655227238,0.2318904562849847,66.03465414402126,18.047666294116414,77.7610434814937,source tissue label; not necessarily anatomical subregion,2,09dbb4857c659797ffc83839573ae7c617ca836c2179df5561183d521e0e4d82,additional_K_comparison_42,exposed_HEST_exploratory_extension; not independent biological holdout,True
MEND23,Homo sapiens,Spatial Transcriptomics,Prostate,Cancer,https://www.ncbi.nlm.nih.gov/pmc/articles/PMC9482614/,,CC BY 4.0,E:\Hestdata\st\MEND23.h5ad,True,27154019,exposure_unresolved,False,True,MEND23/MEND23,D:\HEST1000BenchRun\COUNT-HEST-1000-001\main_v1\MEND23\Shared\RESULT.json,27154019,dde89358570ca2a66419580968de94833ed4af2268d830130f3a5e3bc93a0d53,bc89cbe6eb6e629bd538e19cb56a61f5d5f7e1725b7ab9041322a3ae44c806a0,302917,117,23803,2784951,331577,22279608,3979396,193255,23426,593,82723,1656,1264,0.8701539093506493,7.308516573827497,0.5551408265351886,4.662687701499199,True,prostate,Fresh Frozen,"Prostate needle biopsies pre- and post-ADT: Count matrices, histological-, and Androgen receptor immunohistochemistry images",Patient1_Biopsy1_rep2_chip2_d1,https://data.mendeley.com/datasets/mdt8n2xgf4/1,0.1190602635378504,0.8809397364621496,0.3620199592627683,73.55020682233086,13.136918693899649,89.64177976145281,source tissue label; not necessarily anatomical subregion,1,0ee7de023bdae488c49941aeada1937d762138bd3816717bef40f1508f774686,additional_K_comparison_42,exposed_HEST_exploratory_extension; not independent biological holdout,True
NCBI299,Mus musculus,Spatial Transcriptomics,Spinal cord,Diseased,https://www.science.org/doi/10.1126/science.aav9776?url_ver=Z39.88-2003&rfr_id=ori:rid:crossref.org&rfr_dat=cr_pub%20%200pubmed,,,E:\Hestdata\st\NCBI299.h5ad,True,15792609,exposure_unresolved,False,True,main_v2/NCBI299,E:\count压缩\baseline\evidence\COUNT-HEST-SHARED-RESUME-001\main_v2\NCBI299\RESULT.json,15792609,1a5d6c173dfcf6a5f74b9a8d6c462f519ad46a5a8810c000c2f122f3ac0bc74f,dc0cd7ba1fedb582d2900680175b985255ea283dad7a7c551e2ad880fa6d373e,177393,112,13113,1468656,195107,11749248,2341736,116230,13293,645,44309,1652,1264,0.9662875445305096,7.273670344990185,0.6331230730681657,4.765795179055595,True,Spinal cord,,Spatiotemporal dynamics of molecular pathology in amyotrophic lateral sclerosis,CN69_C2,                                            ,0.1328473107385255,0.8671526892614745,0.3447881257997779,66.23287277401025,13.200836560630917,89.02611151511051,source tissue label; not necessarily anatomical subregion,0,031616ebb0f80a758cc8e317ce17cc3659bd1eed2f832f0cb226c039e8b92d6e,additional_K_comparison_42,exposed_HEST_exploratory_extension; not independent biological holdout,True
NCBI770,Homo sapiens,Spatial Transcriptomics,Skin,Cancer,https://www.ncbi.nlm.nih.gov/pmc/articles/PMC7391009/,Patient 2,,E:\Hestdata\st\NCBI770.h5ad,True,96002588,exposure_unresolved,False,True,main_v2/NCBI770,E:\count压缩\baseline\evidence\COUNT-HEST-SHARED-RESUME-001\main_v2\NCBI770\RESULT.json,96002588,e92643106972dc8fc88feb2724c1e4c2dd5c590a1df7b00722bea31b57cf0d83,8abbcbba2c13963f3182b5a7b1d11d12c1aceded6813d2a4f2f53b35e0392598,1147372,666,17138,11413908,1834138,91311264,22012324,1054921,25380,4291,59857,1659,1264,0.8041922188263652,5.004517653524435,0.7393933786745083,4.601272096210863,True,Skin,FFPE,Single Cell and Spatial Analysis of Human Squamous Cell Carcinoma [ST],P2_ST_rep1,                                            ,0.1606932524775913,0.8393067475224086,0.0805763082940842,79.58296350268265,19.18499318442493,83.67171937261847,source tissue label; not necessarily anatomical subregion,3,11fd5fbde33cbb3b71457b1949d10d9512f5cf5e8bd7c20d617622587bee95c5,additional_K_comparison_42,exposed_HEST_exploratory_extension; not independent biological holdout,True
NCBI337,Mus musculus,Spatial Transcriptomics,Brain,Healthy,https://www.science.org/doi/10.1126/sciadv.abb3446,,Creative Commons Attribution NonCommercial License 4.0,E:\Hestdata\st\NCBI337.h5ad,True,40143667,exposure_unresolved,False,True,main_v2/NCBI337,E:\count压缩\baseline\evidence\COUNT-HEST-SHARED-RESUME-001\main_v2\NCBI337\RESULT.json,40143667,2d750e8b234c974032605b339ba07ba02185b4c99b374486c4674196ddaf886b,dc1db20d20c04577d384c70b8c7c340d2538483494a4a5295984d3be9650f457,491238,188,23371,4393748,807440,35149984,9690036,389370,21620,1193,76133,1658,1264,0.8944309050041104,4.867115822847518,0.7089528120411093,3.857822253046666,True,Brain,,Molecular Atlas of the Adult Mouse Brain,40A,                                            ,0.183770211673496,0.816229788326504,0.2073699510217043,71.55387816089146,19.7257459724207,81.71938449387059,source tissue label; not necessarily anatomical subregion,2,c4d089aa81a1447c57679d24967fbec9b0369af36ddce21b1ac5797a0e656298,additional_K_comparison_42,exposed_HEST_exploratory_extension; not independent biological holdout,True
SPA33,Homo sapiens,Spatial Transcriptomics,Heart,Healthy,https://www.sciencedirect.com/science/article/pii/S0092867419312826?via%3Dihub,,CC BY 4.0,E:\Hestdata\st\SPA33.h5ad,True,84115899,known_exposed,False,True,main_v2/SPA33,E:\count压缩\baseline\evidence\COUNT-HEST-SHARED-RESUME-001\main_v2\SPA33\RESULT.json,84115899,a48faaf4fc56f9d088135736f2e075aae410757cb590dda99b52122185a05799,3543c76579e6885f25bec727ae0037ad4df22bd1f140895c9aca195714bd15ec,426655,243,39739,9656577,442474,77252616,5310664,267980,27284,1533,126936,1658,1264,0.3534627228675337,7.713989974552177,0.2220082747747985,4.845120843258587,True,Heart,Snap Frozen,A spatiotemporal organ-wide gene expression and cell atlas of the developing human heart,ST_Sample_9PCW_3,https://data.mendeley.com/datasets/mbvhhf8m62/2,0.0458209984759609,0.954179001524039,0.3719047005191548,181.0657697671421,12.44720910337392,197.15202915704725,source tissue label; not necessarily anatomical subregion,1,1b54e8ee66a7a3179c189ec02eb83e99d355cdf88e8b0aa5ec4ddc0a260f5b69,additional_K_comparison_42,exposed_HEST_exploratory_extension; not independent biological holdout,True
NCBI176,Mus musculus,Spatial Transcriptomics,Spinal cord,Diseased,https://www.science.org/doi/10.1126/science.aav9776?url_ver=Z39.88-2003&rfr_id=ori:rid:crossref.org&rfr_dat=cr_pub%20%200pubmed,,,E:\Hestdata\st\NCBI176.h5ad,True,41383120,exposure_unresolved,False,True,main_v2/NCBI176,E:\count压缩\baseline\evidence\COUNT-HEST-SHARED-RESUME-001\main_v2\NCBI176\RESULT.json,41383120,6f44c00de1ae813d4ef5c4f504f1d22f536bc0326c707024eda341260e79cade,962a5acff4bda750ca145fc33df91cc4ce8fe850aba12b593a98092e6cb40976,238068,326,14264,4650064,256887,37200512,3083952,166097,14220,2224,52608,1655,1264,0.4095737176950683,7.413936867182847,0.2857543466068424,5.172608968145527,True,Spinal cord,,Spatiotemporal dynamics of molecular pathology in amyotrophic lateral sclerosis,L7CN78_E1,                                            ,0.0552437557848666,0.9447562442151334,0.3023127845825563,156.26002654703697,12.954080346791672,173.82899003646017,source tissue label; not necessarily anatomical subregion,0,0ab243c6411ffb479a99eb961025b357cc4625163980e42303ded87e4cc95f04,additional_K_comparison_42,exposed_HEST_exploratory_extension; not independent biological holdout,True
SPA96,Homo sapiens,Spatial Transcriptomics,Breast,Cancer,https://www.science.org/doi/10.1126/science.aaf2403,BC23903,CC BY 4.0,E:\Hestdata\st\SPA96.h5ad,True,71430405,exposure_unresolved,False,True,main_v3/SPA96,E:\count压缩\baseline\evidence\COUNT-HEST-SHARED-RESUME-001\main_v3\SPA96\RESULT.json,71430405,61df21abf49db1f320588e2d6b55532fc106a69ff24fe7a2cbd57e48d71c3c40,76d883c16f66bab8314806baa79095ffa1bd6a137d260df4bd7c4fd70b3f38e1,489769,464,17973,8339472,638692,66715776,7666164,401545,21425,3286,60591,1658,1264,0.4698321428502907,6.134650191328528,0.3851994466795979,5.029591728094292,True,Breast,,Integrating spatial gene expression and breast tumour morphology via deep learning,BC23903_D1,https://data.mendeley.com/datasets/29ntw7sh4r/5,0.0765866232298639,0.923413376770136,0.180133899858913,136.21886236164397,15.652611741453624,145.84509227819646,source tissue label; not necessarily anatomical subregion,2,01e05adb341d5684bd0018822ef314fcef0d1f0529b2da1424061dca23da0f0d,additional_K_comparison_42,exposed_HEST_exploratory_extension; not independent biological holdout,True
SPA14,Mus musculus,Spatial Transcriptomics,Brain,Healthy,https://pubmed.ncbi.nlm.nih.gov/27365449/,,,E:\Hestdata\st\SPA14.h5ad,True,40115901,exposure_unresolved,False,True,main_v2/SPA14,E:\count压缩\baseline\evidence\COUNT-HEST-SHARED-RESUME-001\main_v2\SPA14\RESULT.json,40115901,77e5069d5cc678d2b0fd8b4721537aefa4882973f91a4fbba0b6960831d656c2,0e65d9aa05684f7fa74ab1be710d9769e5bb3828571ec99bb2e96fcf6e6399c8,671177,280,15981,4474680,1083064,35797440,12997892,590356,20111,1798,55989,1659,1264,1.199955304066436,4.957616539742804,1.0554605022035095,4.360636121226446,True,Olfactory bulb,,Visualization and analysis of gene expression in tissue sections by spatial transcriptomics,MOB Replicate 2,https://www.spatialresearch.org/resources-published-datasets/doi-10-1126science-aaf2403/,0.2420427829476074,0.7579572170523926,0.1204168200042611,53.33531989326214,19.365818554569064,59.7694810757818,source tissue label; not necessarily anatomical subregion,3,1e405a83586c1f3f36f6f09726aa94d21e993525c690a8c63fc51ad3614c533e,additional_K_comparison_42,exposed_HEST_exploratory_extension; not independent biological holdout,True
NCBI491,Homo sapiens,Visium,Skin,Diseased,https://www.nature.com/articles/s41467-022-35319-w,,CC BY 4.0,E:\Hestdata\st\NCBI491.h5ad,True,20863077,known_exposed,False,True,main_v2/NCBI491,E:\count压缩\baseline\evidence\COUNT-HEST-SHARED-RESUME-001\main_v2\NCBI491\RESULT.json,20863077,ec7332a8d752b04c608ff750fe543affd6bb4fe9dca963f218347e3782cafba8,95005a432339e037d1451677720898b3aba58d88e87d4bad416f2492b238a30e,1391964,913,20613,18819669,2012976,150557352,24159368,1269471,28602,6906,84061,1660,1264,0.5917060496653793,5.531964613587047,0.53963584588018,5.045151059923218,True,Skin,Fresh Frozen,Spatial transcriptomics landscape of non-communicable inflammatory skin diseases,"Patient 9 lesional lichen planus, rep 2 [P16357_1032]",                                            ,0.1069612860885066,0.8930387139114934,0.0880001206927765,108.16181452968613,17.356316686351082,14.988230299059458,source tissue label; not necessarily anatomical subregion,0,6b12640e24797650eeeb4ced2b6be467c9119333c4d1480f8d07c95c4a7c008d,prior_K_scan_8,exposed_HEST_exploratory_extension; not independent biological holdout,True
MEND124,Mus musculus,Visium,Brain,Healthy,https://www.biorxiv.org/content/10.1101/2022.10.25.513696v1.full,,CC BY 4.0,E:\Hestdata\st\MEND124.h5ad,True,94921315,exposure_unresolved,True,True,MEND124/MEND124,D:\HEST1000BenchRun\COUNT-HEST-1000-001\main_v1\MEND124\Shared\RESULT.json,94921315,d288ce60d2ff3c78ceb48ab4be62f66b6fd9c14878418b67bbdc7fd396effd3c,704142be2349a2c52986b30076c3eff835636ebf5484fa7f83bcb027f747a510,5611813,1448,32285,46748680,10927762,373989440,131138940,5441265,43887,11340,112389,1668,1264,0.960337361397156,4.108298112641911,0.9311518528437596,3.9834432704519,True,Olfactory bulb,Fresh Frozen,Ex-ST,modif MOB1 C1,https://data.mendeley.com/datasets/nrbsxrk9mp/1,0.2337555199419534,0.7662444800580466,0.0303908914997702,66.64324702195172,23.368373108654904,16.914554173490814,source tissue label; not necessarily anatomical subregion,2,5e557cc396c89bf980f3146cc926720f34e9a44472c0d666f2e258a8f957651d,prior_K_scan_8,exposed_HEST_exploratory_extension; not independent biological holdout,True
NCBI709,Homo sapiens,Visium,Kidney,Healthy,https://www.ncbi.nlm.nih.gov/pmc/articles/PMC10356613/,Patient 6,Creative Commons Attribution 4.0,E:\Hestdata\st\NCBI709.h5ad,True,27611583,exposure_unresolved,False,True,main_v2/NCBI709,E:\count压缩\baseline\evidence\COUNT-HEST-SHARED-RESUME-001\main_v2\NCBI709\RESULT.json,27611583,6a2cecdb3f62a8e9b053ef1b32ab740590a0d48998718ab0d09b3d0221401a76,b3975cbdbadfa8a159a88db5a40dec02b24f5a787777373e07fc675f3591c891,1526407,1034,36601,37845434,2491846,302763472,29906292,1350126,37202,7932,128222,1661,1264,0.3226612753337695,4.900485824565402,0.2853979161660558,4.3345407380712935,True,Kidney,Fresh Frozen,Spatial localization with Spatial Transcriptomics for an atlas of healthy and injured cell states and niches in the human kidney [Visium ST],21-019,                                            ,0.0658427116993822,0.9341572883006176,0.1154875468993524,198.350421611012,19.592606690089863,18.089266493143704,source tissue label; not necessarily anatomical subregion,1,001f8eea874a181cc7184a86b18fc186087915fb4c1728740dfa03c10e8d8ceb,additional_K_comparison_42,exposed_HEST_exploratory_extension; not independent biological holdout,True
NCBI844,Mus musculus,Visium,Liver,Healthy,https://www.nature.com/articles/s41586-024-07376-2,,Creative Commons Attribution 4.0 International,E:\Hestdata\st\NCBI844.h5ad,True,96807670,exposure_unresolved,False,True,main_v2/NCBI844,E:\count压缩\baseline\evidence\COUNT-HEST-SHARED-RESUME-001\main_v2\NCBI844\RESULT.json,96807670,dd1c481338754003b3264eefd672f37e8db673d327ecb6031eb26a258cc550f6,c48199eb9281cf95cced579e83046fb28f30f621389531e4c37eb8bf85738fdc,6263126,4992,31053,155016576,11089602,1240132608,133095196,6035640,36115,44532,143908,1667,1264,0.3232235499770037,4.518197136380548,0.3114835925675458,4.354089533600935,True,Liver,Fresh Frozen,Multimodal decoding of human liver regeneration [st_mouse],Healthy_liver_spatial_002,                                            ,0.0715381689245929,0.928461831075407,0.0363214790824901,198.00537431308263,21.250601696341413,15.45676551932693,source tissue label; not necessarily anatomical subregion,3,0464983e91c7484b3d499bf01748c7a612be18f28220f3ec9e7eb6e6907cec9c,additional_K_comparison_42,exposed_HEST_exploratory_extension; not independent biological holdout,True
NCBI435,Mus musculus,Visium,Eye,Healthy,https://www.ncbi.nlm.nih.gov/pmc/articles/PMC9628215/,,CC BY,E:\Hestdata\st\NCBI435.h5ad,True,26897069,exposure_unresolved,False,True,main_v2/NCBI435,E:\count压缩\baseline\evidence\COUNT-HEST-SHARED-RESUME-001\main_v2\NCBI435\RESULT.json,26897069,b2571dd0eca8b8f581fa94fa52e05f62b761647eb6fe5a9364f7fa09e005c41c,e003a366123cb8e6ad1c5260e2d9bcd01ac1658e94e2dde9c1a5531dd0809b95,1457763,1106,32285,35707210,2426906,285657680,29127300,1294515,31324,8522,120476,1662,1264,0.3266036187089386,4.805338154835828,0.2900288205099194,4.267211008584593,True,Lacrimal gland,FFPE,Visium spatial transcriptomics analysis of lacrimal gland during chronic inflammation progression.,BALB-c_2,                                            ,0.0679668335890706,0.9320331664109294,0.1119852815581133,195.9561876656219,19.98081992751908,18.450920348506585,source tissue label; not necessarily anatomical subregion,1,01beb07b93c3611642f04fb6084bd74b254c235592ec80ccf4f68cf5ba1be856,additional_K_comparison_42,exposed_HEST_exploratory_extension; not independent biological holdout,True
NCBI812,Homo sapiens,Visium,Uterus,Healthy,https://pubmed.ncbi.nlm.nih.gov/37423216/,,,E:\Hestdata\st\NCBI812.h5ad,True,55527505,exposure_unresolved,False,True,main_v2/NCBI812,E:\count压缩\baseline\evidence\COUNT-HEST-SHARED-RESUME-001\main_v2\NCBI812\RESULT.json,55527505,2b3bb8e27feac84fb7001423278c5d8aaffde95ef1376bc566bcdb7b682ee393,d4314823c8ef00f0d1a915214b16cbe0061c4a85ea699aa6132a6111425084d7,3562079,2605,36612,95374260,5800321,762994080,69614276,3318799,42322,21705,176323,1666,1264,0.2987874506182276,4.9129405079477495,0.2783811061810597,4.577400457664326,True,Placenta,Fresh Frozen,SARS-CoV-2 Niches in Human Placenta Revealed by Spatial Transcriptomics,NC3,                                            ,0.0608164194406331,0.9391835805593668,0.0682971938578566,214.1990899135028,19.54315892488628,15.588510249211206,source tissue label; not necessarily anatomical subregion,2,038e50e49fb58e179e05a626cd9333e827deb4aa6dea0dd4f3e6091d5263c300,additional_K_comparison_42,exposed_HEST_exploratory_extension; not independent biological holdout,True
NCBI629,Homo sapiens,Visium,Brain,Cancer,https://academic.oup.com/neuro-oncology/article/24/Supplement_1/i45/6600572,Patient 1513,,E:\Hestdata\st\NCBI629.h5ad,True,108866655,exposure_unresolved,False,True,main_v2/NCBI629,E:\count压缩\baseline\evidence\COUNT-HEST-SHARED-RESUME-001\main_v2\NCBI629\RESULT.json,108866655,bb692ffc9f583ce689e6276a7ee2b879ff8263c146aa913718cf2ddced3af60e,62fd9de064f14e8f1478d7e711b8554d0e9ff397f3b3b4b44d16a39f1c4a0c6d,6801748,3620,36601,132495620,12566538,1059964960,150812940,6521177,47537,31178,198925,1667,1264,0.4106851532148761,4.330069586388869,0.3937444573639491,4.151454919405806,True,Brain,,Spatial transcriptomics reveal unnresolved wound repair as potential driver of PFA Ependymoma progression,surgically resected tumor 1513,                                            ,0.0948449314777348,0.9051550685222652,0.0412498375417613,155.83714068795257,22.172673847957903,16.005687802606037,source tissue label; not necessarily anatomical subregion,3,038ed0c97d9857549985f37098598968f82854fa58c0fc4754ad8bd91e8b0631,additional_K_comparison_42,exposed_HEST_exploratory_extension; not independent biological holdout,True
NCBI796,Mus musculus,Visium,Muscle,Treated,https://www.ncbi.nlm.nih.gov/pmc/articles/PMC8589952/,,,E:\Hestdata\st\NCBI796.h5ad,True,20153420,exposure_unresolved,True,True,main_v2/NCBI796,E:\count压缩\baseline\evidence\COUNT-HEST-SHARED-RESUME-001\main_v2\NCBI796\RESULT.json,20153420,255aae275b385a06e672d66db2f838d811cbffe5f83ebe708914084bfb2e7717,60ce110a7361a5d0facb843650218ddd72443e4d34a8e1cf27a97bbb3d76c139,1118289,982,33217,32619094,1577980,260952752,18939692,957547,30389,7539,119890,1660,1264,0.2742661092916927,5.669471095958124,0.2348433098724323,4.85454568498967,True,Tibialis anterior muscle,Fresh Frozen,Spatial RNA sequencing of regenerating mouse hindlimb muscle,Vis5A,                                            ,0.0483759604114081,0.951624039588592,0.1437392301989914,233.3500123849917,16.936312527441476,18.021656298148333,source tissue label; not necessarily anatomical subregion,0,0bee93e456646d5d510eee4eff87f1a926ea44b93b6a3031bbf45f82b65f6240,additional_K_comparison_42,exposed_HEST_exploratory_extension; not independent biological holdout,True
NCBI452,Mus musculus,Visium,Spinal cord,Healthy,https://www.nature.com/articles/s41586-022-05385-7,,CC BY 4.0,E:\Hestdata\st\NCBI452.h5ad,True,24873204,exposure_unresolved,False,True,main_v2/NCBI452,E:\count压缩\baseline\evidence\COUNT-HEST-SHARED-RESUME-001\main_v2\NCBI452\RESULT.json,24873204,37c7c1583cafba7d50fcb901e2293a4cdd89c162d1f2ad13dd5fca921e314cb3,34ea4dec87976a71648e8d9ff80caceb7a2b2623101e954d98fce48d279c60d0,1421197,483,22127,10687341,2514802,85498728,30179560,1307636,31249,3229,76158,1661,1264,1.0638358034987374,4.521062095544699,0.9788298137020236,4.159805821690933,True,Spinal cord,,The neurons that restore walking after paralysis [spatial transcriptomics],Slide1_1_B1,                                            ,0.2353066118129851,0.7646933881870149,0.0799051785220487,60.15965977974904,21.235310797869683,17.501587746104164,source tissue label; not necessarily anatomical subregion,1,0378d796b3771f1248ac81e5ff400e994bfb8e77ecb9f783e6c3df7835fecc42,additional_K_comparison_42,exposed_HEST_exploratory_extension; not independent biological holdout,True
MEND140,Homo sapiens,Visium,Prostate,Cancer,https://www.nature.com/articles/s41586-022-05023-2,patient 2,CC BY NC 3.0,E:\Hestdata\st\MEND140.h5ad,True,52360086,exposure_unresolved,False,True,MEND140/MEND140,D:\HEST1000BenchRun\COUNT-HEST-1000-001\main_v1\MEND140\Shared\RESULT.json,52360086,25b80ca3e83454ad7f6cb5f791aaf5e2f9d07a09506698ce82274e108e799d8e,a8888d310056789b532df2003a1a984db30e2ba5629acd49ce6a33b8e3393e19,3304427,1935,33538,64896030,5586712,519168240,67048288,3103754,40575,15688,141480,1666,1264,0.4073502801326984,4.731837975539101,0.3826124957104463,4.444480402784321,True,Prostate,Fresh Frozen,Spatially resolved clonal copy number alterations in benign and malignant tissueJus,patient_2_V2_1,https://data.mendeley.com/datasets/svw96g68dv/5,0.0860871150361586,0.9139128849638414,0.060728531754522,157.11293970180003,20.290443093462198,15.84543583501769,source tissue label; not necessarily anatomical subregion,2,042fdcbe7e28d8a261ddf0a96ef7721f05ec342070d43dee2890cdeb42925ca1,additional_K_comparison_42,exposed_HEST_exploratory_extension; not independent biological holdout,True
TENX50,Homo sapiens,Visium,Cervix,Cancer,,,Creative Commons Attribution,E:\Hestdata\st\TENX50.h5ad,True,143262789,exposure_unresolved,True,True,main_v3/TENX50,E:\count压缩\baseline\evidence\COUNT-HEST-SHARED-RESUME-001\main_v3\TENX50\RESULT.json,143262789,bdf434ca2612f6147fac400808dc51f6adc5e8f125f113fe8bdc6e85efe39206,1a0d8bfd74b2289a13e33ee7fea6f8678e71a0e0669448bd1a2b8f6447159682,8348130,2781,17943,49899483,17203632,399195864,206454712,8207612,33082,23258,81247,1667,1264,1.3383914218109234,3.88203142220201,1.3158632525310934,3.816688010996748,True,Cervix,FFPE,Human Cervical Cancer (FFPE),,https://www.10xgenomics.com/datasets/human-cervical-cancer-1-standard,0.3447657363504147,0.6552342636495854,0.0168322726167416,47.818596979203726,24.73065369130572,17.16106349565711,source tissue label; not necessarily anatomical subregion,3,06d0d395af9beca5b3e8a20ea2859f32101aa6c6b1b52ec7ca8694e2fcf80e9f,additional_K_comparison_42,exposed_HEST_exploratory_extension; not independent biological holdout,True
ZEN65,Mus musculus,Visium,Skin,Cancer,https://www.biorxiv.org/content/10.1101/2023.07.27.550727v1,,Creative Commons Attribution 4.0 International,E:\Hestdata\st\ZEN65.h5ad,True,15192724,exposure_unresolved,False,True,main_v3/ZEN65,E:\count压缩\baseline\evidence\COUNT-HEST-SHARED-RESUME-001\main_v3\ZEN65\RESULT.json,15192724,d9f44f6c058a9a3bc4810c2caadfe2dda16c84bf6a9f157b6f93c90402d72ac5,883425278edf16e5fb85b4fdefa03ee8fd5c17ff0065bdd34a4bb2408756d673,560664,932,68886,64201752,402751,513614016,4836744,282377,34824,6978,233562,1659,1264,0.0698627663618899,11.136687432185148,0.0351862048873681,5.608964347698702,True,Skin,Flash Frozen,Demo 10x Visium dataset for STQ,Demo,https://zenodo.org/records/10654467,0.0062732088681941,0.9937267911318058,0.4963525391321718,916.0816745858482,8.626813920636959,27.09773411526333,source tissue label; not necessarily anatomical subregion,0,1ae315749e9e309777a95b4fce03133f8d192ae2acf2bda215085e1024cd4120,additional_K_comparison_42,exposed_HEST_exploratory_extension; not independent biological holdout,True
MISC14,Homo sapiens,Visium,Lung,Treated,https://www.nature.com/articles/s41588-022-01243-4,   ,Creative Commons Attribution 4.0 International License,E:\Hestdata\st\MISC14.h5ad,True,33645914,exposure_unresolved,True,True,main_v1/MISC14,E:\count压缩\baseline\evidence\COUNT-HEST-SHARED-RESUME-001\main_v1\MISC14\RESULT.json,33645914,e09884666b90518a6322e16c45a309438f3c2f3718d58cdf81777c97b5b87da0,0f44cb133e0b6fb235463dae97846100c7468ea42a5ade54cb78e55584cde9b5,2230115,1670,17922,29929740,3669544,239437920,44041212,2114547,28438,13301,70901,1664,1264,0.5960933840387521,4.86189019671109,0.5652029052039877,4.609939545622018,True,Trachea,FFPE,A spatially resolved atlas of the human lung characterizes a gland-associated immune niche,WSA_LngSP10972074,https://explore.data.humancellatlas.org/projects/957261f7-2bd6-4358-a6ed-24ee080d5cfc,0.1226052748871189,0.8773947251128811,0.0518215428352349,107.36572777637028,19.74840400607144,15.087075778603346,source tissue label; not necessarily anatomical subregion,1,0476a0efd4250474d72b5795dec648f8578203f8d5eff12fbba0bf282c820189,additional_K_comparison_42,exposed_HEST_exploratory_extension; not independent biological holdout,True
NCBI729,Mus musculus,Visium,Bowel,Healthy,https://www.ncbi.nlm.nih.gov/pmc/articles/PMC9701619/,,,E:\Hestdata\st\NCBI729.h5ad,True,99177603,exposure_unresolved,True,True,main_v2/NCBI729,E:\count压缩\baseline\evidence\COUNT-HEST-SHARED-RESUME-001\main_v2\NCBI729\RESULT.json,99177603,42d0ab57689eda1311302440338484ed0eeb4a829cc32ca3c09218ad1649c0c3,5495f4ce1f7f9683d6caaf55e702ddcc326a2349d4f799d7a82d6675e05826f5,6063161,2604,31053,80862012,11471080,646896096,137663380,5874766,43008,21686,120770,1667,1264,0.5998525982756897,4.2284848505982,0.5812139326931415,4.0970970475317054,True,Colon,,10X Visium Spatial transcriptomics of murine colon in steady state and during recovery after DSS colitis,Colon DSS day0,                                            ,0.1418599378902419,0.858140062109758,0.0310720761002387,106.69287785694624,22.704886114685063,16.357408783965987,source tissue label; not necessarily anatomical subregion,3,09768a1f8c90b72c257d71ea5d651d16f6e12b3609f1c574fc9ba751197b8c8e,additional_K_comparison_42,exposed_HEST_exploratory_extension; not independent biological holdout,True
ZEN47,Homo sapiens,Visium,Bowel,Cancer,https://www.biorxiv.org/content/10.1101/2023.01.23.525135v2,Patient 2,Creative Commons Attribution 4.0 International,E:\Hestdata\st\ZEN47.h5ad,True,84289515,exposure_unresolved,False,True,main_v3/ZEN47,E:\count压缩\baseline\evidence\COUNT-HEST-SHARED-RESUME-001\main_v3\ZEN47\RESULT.json,84289515,0af8141beead7097bb9b37035dcf06fdcd312d76ecd22a6f841e9c3c843df710,66880b7ebcd116b75db78e5286d41dd3b584dd243a9ced8c216ff074bda3a09d,5020008,2317,36601,84804517,9514583,678436136,114184268,4794667,45219,19001,158191,1666,1264,0.4735604354659551,4.220895860596308,0.452302982870594,4.0314258649065335,True,Colon (right),Fresh Frozen,Charting the Heterogeneity of Colorectal Cancer Consensus Molecular Subtypes using Spatial Transcriptomics: datasets,A416371_Rep1,https://zenodo.org/records/7760264,0.1121942950279405,0.8878057049720595,0.0448885738827508,135.14642526466093,22.74583387118108,16.790713281731822,source tissue label; not necessarily anatomical subregion,2,066dd0cf6574043ef8eabc3c289cdfff946085112553e71aa815b8698776d5e2,additional_K_comparison_42,exposed_HEST_exploratory_extension; not independent biological holdout,True
MEND84,Mus musculus,Visium,Bone,Healthy,https://www.nature.com/articles/s41467-023-36071-5,,CC BY 4.0,E:\Hestdata\st\MEND84.h5ad,True,16859811,exposure_unresolved,False,True,MEND84/MEND84,D:\HEST1000BenchRun\COUNT-HEST-1000-001\main_v1\MEND84\Shared\RESULT.json,16859811,c39ebc4540d9fe9214c0ce6e73aac7d417036213bf165f510edb3591bad644bf,218659e50c30752ba522549cf8fd3aae64bf252b2dbc07315a410ddc787c00be,907674,1298,32285,41905930,1165722,335247440,13993860,753693,27965,10027,113063,1662,1264,0.1732783880467513,6.2290940721715815,0.1438828347205276,5.172368712265874,True,bone,Fresh Frozen,Spatially resolved transcriptomic profiling of degraded,V11B18-362_C1,https://data.mendeley.com/datasets/4w6krnywhn/1,0.0278175904937558,0.972182409506244,0.1696435063690268,369.3478495583216,15.417275365384487,18.57474269396281,source tissue label; not necessarily anatomical subregion,0,849f0352aa3062a470b1e15f2f62a015e18bad4f1dbbabf6b3b32b1d6839f8ac,additional_K_comparison_42,exposed_HEST_exploratory_extension; not independent biological holdout,True
NCBI542,Mus musculus,Visium,Heart,Treated,https://www.ncbi.nlm.nih.gov/pmc/articles/PMC10203427/,,CC BY,E:\Hestdata\st\NCBI542.h5ad,True,45933639,exposure_unresolved,True,True,main_v2/NCBI542,E:\count压缩\baseline\evidence\COUNT-HEST-SHARED-RESUME-001\main_v2\NCBI542\RESULT.json,45933639,f81337f063deadbb294d73632c915f96f24d8b264a98a8b960934cf3fea23257,b3b53ca26b5a738f9a9b8b949547aac80af954846eaa44ea98cd0d3b88634649,2825683,2237,32285,72221545,4777571,577772360,57339804,2618044,34854,18420,151436,1665,1264,0.3130016673002495,4.731580964469183,0.2900014393211887,4.3838913121333,True,Heart,Fresh Frozen,Single-nucleus Ribonucleic Acid-sequencing and Spatial Transcriptomics Reveal the Cardioprotection of Shexiang Baoxin Pill (MUSKARDIA) in Mice with Myocardial Ischemia-Reperfusion Injury,Sham,                                            ,0.0661516033754193,0.9338483966245806,0.0734827650518475,204.47175426259776,20.29236966779359,16.25576506635741,source tissue label; not necessarily anatomical subregion,1,0b60990b608c65afc35d9e19b696d5deef3451830c252a54ce97b1d108f3bc06,additional_K_comparison_42,exposed_HEST_exploratory_extension; not independent biological holdout,True
INT17,Homo sapiens,Visium,Lymph node,Cancer,https://pubmed.ncbi.nlm.nih.gov/35231421/,Patient 8,Internal,E:\Hestdata\st\INT17.h5ad,True,77742597,known_exposed,False,True,INT17/INT17,D:\HEST1000BenchRun\COUNT-HEST-1000-001\main_v1\INT17\Shared\RESULT.json,77742597,4b84c7e021f517bf24c32f24ee6db2e2fdcca5c31823183911d421b883fab1e0,b92d7b9e4a2c5375d2ef29e59d02a6393e9d01b82306de2e79ffa08e3427aecd,4992479,3585,17943,64325655,8979129,514605240,107763892,4813800,30611,30765,114373,1666,1264,0.6209005100686499,4.44807419516971,0.5986787075856437,4.288879244300867,True,Lymph node,,Tertiary lymphoid structures generate and propagate anti-tumor antibody-producing plasma cells in renal cell cancer,ccRCC tumor ffpe_c_34,None (internal),0.1395886135943738,0.8604113864056262,0.0357896347686189,103.07609506219256,21.585246928429743,15.571942716233758,source tissue label; not necessarily anatomical subregion,2,12144854a76b6ff791e4a071f2d96e2d0fdf95df0aec5d47845be388aa57dbe2,additional_K_comparison_42,exposed_HEST_exploratory_extension; not independent biological holdout,True
TENX118,Homo sapiens,Xenium,Lung,Cancer,,patient 2,Creative Commons Attribution,E:\Hestdata\st\TENX118.h5ad,True,4801814,exposure_unresolved,True,True,main_v3/TENX118,E:\count压缩\baseline\evidence\COUNT-HEST-SHARED-RESUME-001\main_v3\TENX118\RESULT.json,4801814,36b7026375a66b2643471d8a91437a9be862a46b909b9a25db060c9014f34697,9374339cf1b9ebd2423e140f90874b1408f2a73d4cf4f03967ad79da462e92cf,459629,3115,541,1685215,623829,13481720,7498412,415801,2868,19211,18829,1656,1264,2.181936429476357,5.894294750644808,1.97387751711206,5.332243291030074,True,Lung,FFPE,Preview Data: FFPE Human Lung Cancer with Xenium Multimodal Cell Segmentation,,https://www.10xgenomics.com/datasets/preview-data-ffpe-human-lung-cancer-with-xenium-multimodal-cell-segmentation-1-standard,0.3701776924606059,0.629822307539394,0.0953551668845961,29.33174364541837,16.31405329080628,10.447151942109832,source tissue label; not necessarily anatomical subregion,0,1696748150f915bca37f290329d572b1026eca03cd1ce0ca072e5ba537c300ba,prior_K_scan_8,exposed_HEST_exploratory_extension; not independent biological holdout,True
TENX96,Homo sapiens,Xenium,Breast,Cancer,,patient 3,Creative Commons Attribution,E:\Hestdata\st\TENX96.h5ad,True,11970984,exposure_unresolved,False,True,main_v3/TENX96,E:\count压缩\baseline\evidence\COUNT-HEST-SHARED-RESUME-001\main_v3\TENX96\RESULT.json,11970984,42851a9332b875dcad2bda50de61a56ff8460c9379b8808736ae500fec50a544,4a89edfa2d8a2db220e4ff617423264f757df322d9d419e03bc20acc7fc9b34b,1334554,7233,541,3913053,1883166,31304424,22626928,1247558,2883,48098,33091,1660,1264,2.728414871968256,5.669405671087945,2.550556815867304,5.299832303684328,True,Breast,FFPE,FFPE Human Breast with Custom Add-on Panel,Tissue sample 2,https://www.10xgenomics.com/datasets/ffpe-human-breast-with-custom-add-on-panel-1-standard,0.4812523622859184,0.5187476377140816,0.0651873210076174,23.456843259995477,16.9546739959567,8.970025941250785,source tissue label; not necessarily anatomical subregion,2,03e5c97ddc671dba5a85603ba4ab647b2050fd58ef7f9342ecd2c1e7654be323,prior_K_scan_8,exposed_HEST_exploratory_extension; not independent biological holdout,True
TENX135,Mus musculus,Xenium,Bone,Healthy,,,Creative Commons Attribution,E:\Hestdata\st\TENX135.h5ad,True,10708004,exposure_unresolved,False,True,main_v3/TENX135,E:\count压缩\baseline\evidence\COUNT-HEST-SHARED-RESUME-001\main_v3\TENX135\RESULT.json,10708004,8bca49c20b3d4c4a8991f8777b30860ea2578e358275ece93225a944ea303607,e0ab08a4554b4b785554c65c3cb856f959275f13c60bf5b989974e80f34dd4ad,786485,7590,541,4106190,986465,32849520,11867944,701259,2872,44848,34585,1657,1264,1.5322914916260573,6.378209059621984,1.3662475433430992,5.6870461699097286,True,Bone,FFPE,Mouse Bone Data with Custom Add-on Panel,15% EDTA-0.4% PFA decalcification,https://www.10xgenomics.com/datasets/mouse-bone-data-with-custom-add-on-panel-1-standard,0.2402385179448588,0.7597614820551412,0.108363160136557,41.767509869864014,15.08985422481039,13.615013636623711,source tissue label; not necessarily anatomical subregion,1,5a59a897cb780573e5403253f720d99403014e8f7344061a0b2f3d07f287332a,additional_K_comparison_42,exposed_HEST_exploratory_extension; not independent biological holdout,True
TENX110,Mus musculus,Xenium,Whole organism,Healthy,,,Creative Commons Attribution,E:\Hestdata\st\TENX110.h5ad,True,34466706,exposure_unresolved,False,True,main_v3/TENX110,E:\count压缩\baseline\evidence\COUNT-HEST-SHARED-RESUME-001\main_v3\TENX110\RESULT.json,34466706,1d6fafcd9b34787e3186308c8ee2ffa0cbb487a6c5b7b150a019f2c274df3300,1d319c013491f0763ff1a7886b6e823e299e08d2f741ef9d5fcc8099ead33d34,4033961,26565,541,14371665,5275881,114973320,63416836,3732727,2913,178845,116548,1664,1264,2.2455079491485503,6.1168339467853805,2.0778257773194686,5.660062461605938,True,Whole organism,FFPE,Whole Mouse Pup Preview Data (Xenium Mouse Tissue Atlassing Panel),,https://www.10xgenomics.com/datasets/mouse-pup-preview-data-xenium-mouse-tissue-atlassing-panel-1-standard,0.3671029765862201,0.6328970234137798,0.0746744948699306,28.501346443359267,15.720736020997723,8.544134660697017,source tissue label; not necessarily anatomical subregion,3,9b4556fea5aa4413eb9615f41f36edf8a07c4f4f76af0ebfb3bdae7b4cf83060,additional_K_comparison_42,exposed_HEST_exploratory_extension; not independent biological holdout,True
TENX124,Homo sapiens,Xenium,Lymphoid,Diseased,,patient 2,Creative Commons Attribution,E:\Hestdata\st\TENX124.h5ad,True,18239593,exposure_unresolved,True,True,main_v3/TENX124,E:\count压缩\baseline\evidence\COUNT-HEST-SHARED-RESUME-001\main_v3\TENX124\RESULT.json,18239593,9bb86d000e22b1537392271dd23f95bc17dc1e780ba6a9d2b545c9a5869dd907,b4494b1f44e0485269b6d0f9f40c890fdd35c28a3474c2fdc3caf4f7a8f4c39f,1585897,12707,541,6874487,2114477,54995896,25424556,1455914,2838,68957,55263,1661,1264,1.8455451294038376,6.00014850007827,1.6942808968872878,5.50836542558751,True,Tonsil,FFPE,Human Tonsil Data with Xenium Human Multi-Tissue and Cancer Panel,Follicular lymphoid hyperplasia,https://www.10xgenomics.com/datasets/human-tonsil-data-xenium-human-multi-tissue-and-cancer-panel-1-standard,0.3075832422113824,0.6924167577886176,0.0819618171924153,34.67810078460329,16.031656532549086,11.501120816799578,source tissue label; not necessarily anatomical subregion,3,10245ffdbd094fc934e4a4e585d93c2d9816e35740589f7a88ac46f100b5d172,additional_K_comparison_42,exposed_HEST_exploratory_extension; not independent biological holdout,True
TENX127,Mus musculus,Xenium,Bowel,Healthy,,,Creative Commons Attribution,E:\Hestdata\st\TENX127.h5ad,True,8188794,exposure_unresolved,True,True,main_v3/TENX127,E:\count压缩\baseline\evidence\COUNT-HEST-SHARED-RESUME-001\main_v3\TENX127\RESULT.json,8188794,cb61edaaa3355bb0dc1ab90954f7575170e9e60077947a26b1cf58db5de30d3f,6488f9f3289873e2684a3f36a768fde6dc75cabf9bec81a84848e13d04cd7238,781791,4453,541,2409073,965538,19272584,11604272,724934,2972,25686,25278,1657,1264,2.5961554506650484,6.47755758965468,2.4073458961185485,6.006466860962489,True,Colon,Fresh Frozen,Fresh Frozen Mouse Colon with Xenium Multimodal Cell Segmentation,,https://www.10xgenomics.com/datasets/fresh-frozen-mouse-colon-with-xenium-multimodal-cell-segmentation-1-standard,0.4007923379656822,0.5992076620343177,0.0727265982852194,24.651836616180027,14.84318954810173,10.474403005406815,source tissue label; not necessarily anatomical subregion,1,e50c1e3d9c8f7bca7daf1a569c21340ae637d120b4676aa6dc88f09ac3ad3320,additional_K_comparison_42,exposed_HEST_exploratory_extension; not independent biological holdout,True
TENX126,Homo sapiens,Xenium,Pancreas,Cancer,,patient1,Creative Commons Attribution,E:\Hestdata\st\TENX126.h5ad,True,4468050,exposure_unresolved,True,True,main_v3/TENX126,E:\count压缩\baseline\evidence\COUNT-HEST-SHARED-RESUME-001\main_v3\TENX126\RESULT.json,4468050,cd3ee486f5dfe2eb20b6439632eba1f1f0000cf2b34d7a74ae59ba57780cdd59,398379108e68f532c716db3e581510d5f5cf60e6886293b9f84eab79a0670e9b,351898,2190,541,1184790,514236,9478320,6179596,321029,2938,13314,11698,1655,1264,2.3761037821048454,5.474498090370958,2.16766853197613,4.994267223609393,True,Pancreas,FFPE,FFPE Human Pancreas with Xenium Multimodal Cell Segmentation,,https://www.10xgenomics.com/datasets/ffpe-human-pancreas-with-xenium-multimodal-cell-segmentation-1-standard,0.4340313473273745,0.5659686526726255,0.0877214420087638,26.934850439616024,17.56075908359809,12.697003108855409,source tissue label; not necessarily anatomical subregion,0,1459b2ba222dab64fa44f74dc05c4a74a184da5a2e8189d0c6b6e1539c333875,additional_K_comparison_42,exposed_HEST_exploratory_extension; not independent biological holdout,True
TENX136,Mus musculus,Xenium,Bone,Healthy,,,Creative Commons Attribution,E:\Hestdata\st\TENX136.h5ad,True,12279645,exposure_unresolved,False,True,main_v3/TENX136,E:\count压缩\baseline\evidence\COUNT-HEST-SHARED-RESUME-001\main_v3\TENX136\RESULT.json,12279645,593dd98a0d576d2e25f68198ffb9d0c3bf4b39f6214be2a23492607e83eb346f,fcd7c370a70afcabd8dae194b4137deb69b663f1917d65db3ded8043448d55ac,1123681,7688,541,4159208,1495875,33273664,17981256,1027774,2942,50563,39480,1658,1264,2.1613364852154544,6.009491434778975,1.9768648261880628,5.496576919862957,True,Bone,FFPE,Mouse Bone Data with Custom Add-on Panel,0.5M EDTA decalcification,https://www.10xgenomics.com/datasets/mouse-bone-data-with-custom-add-on-panel-1-standard,0.3596538090905768,0.6403461909094231,0.0853507356625234,29.61130783558679,16.002100240192725,10.928052534482651,source tissue label; not necessarily anatomical subregion,2,0d7a0a1c2f2fd1275f44149ff498b3c796b92e438bca97b5d434f867d4cf843f,additional_K_comparison_42,exposed_HEST_exploratory_extension; not independent biological holdout,True
TENX117,Homo sapiens,Xenium,Skin,Cancer,,patient 1,Creative Commons Attribution,E:\Hestdata\st\TENX117.h5ad,True,3932572,known_exposed,False,True,main_v3/TENX117,E:\count压缩\baseline\evidence\COUNT-HEST-SHARED-RESUME-001\main_v3\TENX117\RESULT.json,3932572,8b70c48d556be8358686f83ee7c5f65d9bba8fd3c544a64686d1da520073fff8,126b890ad742aa3f0984136911897ce91442d05c97de84fa0263aef10530d01b,297494,1830,541,990030,357698,7920240,4299700,269955,2872,11084,10664,1655,1264,2.403919073159399,6.653523363284111,2.181388442774461,6.037607143456212,True,Skin,FFPE,Human Skin Preview Data (Xenium Human Skin Gene Expression Panel with Custom Add-On),,https://www.10xgenomics.com/datasets/human-skin-preview-data-xenium-human-skin-gene-expression-panel-add-on-1-standard,0.3613001626213347,0.6386998373786653,0.0925699341835465,26.623192400519,14.453064599622175,13.218996013364976,source tissue label; not necessarily anatomical subregion,0,276431caf83ac35537257b3e71c9ac0d90ffb48a3e87a1b93fbf279979c930df,additional_K_comparison_42,exposed_HEST_exploratory_extension; not independent biological holdout,True
TENX137,Mus musculus,Xenium,Bone,Healthy,,,Creative Commons Attribution,E:\Hestdata\st\TENX137.h5ad,True,13506184,exposure_unresolved,False,True,main_v3/TENX137,E:\count压缩\baseline\evidence\COUNT-HEST-SHARED-RESUME-001\main_v3\TENX137\RESULT.json,13506184,d47ac47cb80375f3efad771b69d3b500b41e0e77c9dcb5f3f71e8426a90c332e,fc2d250ed01b0476cd4f376ac1216f9aa93942f33f305be46590ecf50ea21b14,903417,9200,541,4977200,1181591,39817600,14215896,795273,2688,56773,45761,1658,1264,1.4520887245841034,6.11661395525186,1.2782656915534838,5.384421513027774,True,Bone,FFPE,Mouse Bone Data with Custom Add-on Panel,10% Formic acid decalcification,https://www.10xgenomics.com/datasets/mouse-bone-data-with-custom-add-on-panel-1-standard,0.2374007474081813,0.7625992525918187,0.1197055180498042,44.07444181369179,15.735696804465713,14.95011052481855,source tissue label; not necessarily anatomical subregion,2,42b2ca493b34ad313ee7614a1d16a675aa227e3b4e49f001aaa73c93b0c5eebf,additional_K_comparison_42,exposed_HEST_exploratory_extension; not independent biological holdout,True
TENX111,Homo sapiens,Xenium,Bowel,Cancer,,,Creative Commons Attribution,E:\Hestdata\st\TENX111.h5ad,True,10098230,exposure_unresolved,True,True,main_v3/TENX111,E:\count压缩\baseline\evidence\COUNT-HEST-SHARED-RESUME-001\main_v3\TENX111\RESULT.json,10098230,7d29a58122b6580d11aa116ebeb16894a089b6df24216a70b98df73b3176fd25,77224fe1a6d01471f6dd1658ae7d26584780e1034b16c6857a6c66853f51c3b4,1372987,6643,541,3593863,1887635,28750904,22678196,1292883,2938,38929,35313,1660,1264,3.056292351711793,5.8188664651799735,2.8779794889232004,5.47937710415414,True,Colon,FFPE,Human Colon Preview Data (Xenium Human Colon Gene Expression Panel),"Cancer, pre-designed + add-on panel",https://www.10xgenomics.com/datasets/human-colon-preview-data-xenium-human-colon-gene-expression-panel-1-standard,0.5252384411982315,0.4747615588017685,0.0583428685049457,20.94040511672725,16.5174149500323,7.354934897417091,source tissue label; not necessarily anatomical subregion,3,69c43291a8aefd95882588813ee4c29ed37124c67bc575f7408284f42275e6f6,additional_K_comparison_42,exposed_HEST_exploratory_extension; not independent biological holdout,True
TENX131,Mus musculus,Visium HD,Brain,Healthy,,,Creative Commons Attribution,E:\Hestdata\st\TENX131.h5ad,True,128716963,exposure_unresolved,True,True,main_v3/TENX131,E:\count压缩\baseline\evidence\COUNT-HEST-SHARED-RESUME-001\main_v3\TENX131\RESULT.json,128716963,52676af58ccc9b9703d82f2db34893feca5dc50d5329d37b02a3e27206d3b222,ff455805ab12b8bd0acafffba816866b397f1eaf081ebd70ff53bf8892217fb3,866703,1635,19059,31161465,1106677,249291720,13286668,765878,22270,10633,64998,1660,1264,0.2225063552050585,6.265264390603582,0.1966218212141181,5.536415774431022,True,Brain,FFPE,"Visium HD Spatial Gene Expression Library, Mouse Brain (FFPE)",,https://www.10xgenomics.com/datasets/visium-hd-cytassist-gene-expression-libraries-of-mouse-brain-he,0.03551428021757,0.96448571978243,0.1163316614803456,287.6322338794258,15.330128083091902,148.51334655585592,source tissue label; not necessarily anatomical subregion,0,e83833d3054b2540a64082b574c2065eb0b573b493f5871dec015d8e0d8aa89e,prior_K_scan_8,exposed_HEST_exploratory_extension; not independent biological holdout,True
TENX129,Mus musculus,Visium HD,Bowel,Healthy,,,Creative Commons Attribution,E:\Hestdata\st\TENX129.h5ad,True,137769547,exposure_unresolved,True,True,main_v3/TENX129,E:\count压缩\baseline\evidence\COUNT-HEST-SHARED-RESUME-001\main_v3\TENX129\RESULT.json,137769547,a36bc0f99ee31ebc6541a0e46d17cd29327b2e061e61ec51af73766dd3d39f8b,8d3ec11ddbdfc8024fb191c0860e5d4cab0e4301872b9443bede06b6391009e9,1134560,1748,19059,33315132,1507377,266521056,18095520,1029906,23858,11282,66589,1661,1264,0.2724431648657432,6.021373551540192,0.2473124825079486,5.465950455659069,True,Intestine,FFPE,"Visium HD Spatial Gene Expression Library, Mouse Small Intestine (FFPE)",,https://www.10xgenomics.com/datasets/visium-hd-cytassist-gene-expression-libraries-of-mouse-intestine,0.0452460161346501,0.9547539838653498,0.0922419263855591,234.91138062332533,15.949372443943028,121.42993495275702,source tissue label; not necessarily anatomical subregion,1,ce8086813fae4dd5debac57ccbe7949c4a563dedfc41d36e1d5990ecd081360e,prior_K_scan_8,exposed_HEST_exploratory_extension; not independent biological holdout,True
TENX128,Homo sapiens,Visium HD,Bowel,Cancer,,,Creative Commons Attribution,E:\Hestdata\st\TENX128.h5ad,True,168561812,exposure_unresolved,True,True,main_v3/TENX128,E:\count压缩\baseline\evidence\COUNT-HEST-SHARED-RESUME-001\main_v3\TENX128\RESULT.json,168561812,ef91c140a35bba1f899e4ae957f65771e2d0cf7e06ea50c2863d5f2d09115858,e16e053de7b62889c4aa07035bfc7f40e122c388aee5243c8a4b7cf62fa22059,1917009,2279,18085,41215715,2832756,329725720,34002192,1806736,26183,13554,67610,1662,1264,0.3720928291550929,5.413834442500519,0.3506887603429905,5.102411926759665,True,Colon,FFPE,"Visium HD Spatial Gene Expression Library, Human Colorectal Cancer (FFPE)",,https://www.10xgenomics.com/datasets/visium-hd-cytassist-gene-expression-libraries-of-human-crc,0.0687299977690548,0.9312700022309452,0.0575234649393925,172.0000897231051,17.737106085573934,87.92958822832861,source tissue label; not necessarily anatomical subregion,2,c4245d9e1cba7d7fa780d27313d57a1d6cc75c4dc5574fd4ea6d86f8be78a7b5,additional_K_comparison_42,exposed_HEST_exploratory_extension; not independent biological holdout,True
