stratum_type,stratum,n,selected_arm,selected_bytes,m6_bytes,delta_bytes,percent_change_vs_m6
platform,Spatial Transcriptomics,18,SPATIAL_M06,8903677,8903677,0,0.0
platform,Visium,18,SPATIAL_M06,63050111,63050111,0,0.0
platform,Visium HD,3,SPATIAL_M06,3912537,3912537,0,0.0
platform,Xenium,11,SPATIAL_M06,13017733,13017733,0,0.0
species,Homo sapiens,25,SPATIAL_M06,49115207,49115207,0,0.0
species,Mus musculus,25,SPATIAL_M06,39768851,39768851,0,0.0
organ,Bone,4,SPATIAL_M06,3719988,3719988,0,0.0
organ,Bowel,6,SPATIAL_M06,16200560,16200560,0,0.0
organ,Brain,8,SPATIAL_M06,16396977,16396977,0,0.0
organ,Breast,4,SPATIAL_M06,3057682,3057682,0,0.0
organ,Cervix,1,SPATIAL_M06,8295559,8295559,0,0.0
organ,Eye,1,SPATIAL_M06,1448858,1448858,0,0.0
organ,Heart,3,SPATIAL_M06,3648680,3648680,0,0.0
organ,Kidney,1,SPATIAL_M06,1521425,1521425,0,0.0
organ,Liver,1,SPATIAL_M06,6226218,6226218,0,0.0
organ,Lung,2,SPATIAL_M06,2691145,2691145,0,0.0
organ,Lymph node,1,SPATIAL_M06,4967322,4967322,0,0.0
organ,Lymphoid,1,SPATIAL_M06,1582955,1582955,0,0.0
organ,Muscle,1,SPATIAL_M06,1120131,1120131,0,0.0
organ,Pancreas,1,SPATIAL_M06,353871,353871,0,0.0
organ,Prostate,3,SPATIAL_M06,4005884,4005884,0,0.0
organ,Skin,5,SPATIAL_M06,3818003,3818003,0,0.0
organ,Spinal cord,5,SPATIAL_M06,2252457,2252457,0,0.0
organ,Uterus,1,SPATIAL_M06,3544766,3544766,0,0.0
organ,Whole organism,1,SPATIAL_M06,4031577,4031577,0,0.0
