dataset_id,arm,support_stream,value_stream,support_model,value_model_and_group_map,graph_index,identity_coordinates_metadata,manifest,zip_framing,archive_size_bytes,exact_recovery
NCBI180,full,150499,28520,12411,6296,2259,54010,2064,1264,257323,True
NCBI180,no_support,150803,28520,12187,6296,2259,54010,1902,1264,257241,True
NCBI180,no_value,150499,1135976,12411,0,2259,54010,1257,744,1357156,True
NCBI180,no_spatial,150803,28691,12187,5640,0,54010,1795,1170,254296,True
NCBI180,no_sharing,150499,27682,12411,22489,2259,54010,1862,1264,272476,True
SPA58,full,349711,145392,17774,9702,3375,59738,2067,1264,589023,True
SPA58,no_support,350884,145392,17550,9702,3375,59738,1905,1264,589810,True
SPA58,no_value,349711,3406960,17774,0,3375,59738,1257,744,3839559,True
SPA58,no_spatial,350884,147590,17550,8752,0,59738,1798,1170,587482,True
SPA58,no_sharing,349711,140802,17774,32433,3375,59738,1866,1264,606963,True
SPA37,full,171321,76875,23194,11751,1104,126685,2067,1264,414261,True
SPA37,no_support,173050,76875,22970,11751,1104,126685,1905,1264,415604,True
SPA37,no_value,171321,1694428,23194,0,1104,126685,1258,744,2018734,True
SPA37,no_spatial,173050,77357,22970,10565,0,126685,1798,1170,413595,True
SPA37,no_sharing,171321,75007,23194,42419,1104,126685,1865,1264,442859,True
NCBI383,full,552829,367209,19800,9304,3810,82129,2068,1264,1038413,True
NCBI383,no_support,555655,367209,19576,9304,3810,82129,1906,1264,1040853,True
NCBI383,no_value,552829,7483272,19800,0,3810,82129,1259,744,8143843,True
NCBI383,no_spatial,555655,371737,19576,8266,0,82129,1799,1170,1040332,True
NCBI383,no_sharing,552829,362552,19800,33314,3810,82129,1867,1264,1057565,True
MEND24,full,168771,111055,21212,12355,710,92699,2066,1264,410132,True
MEND24,no_support,172628,111055,20988,12355,710,92699,1904,1264,413603,True
MEND24,no_value,168771,2043664,21212,0,710,92699,1256,744,2329056,True
MEND24,no_spatial,172628,114290,20988,11197,0,92699,1798,1170,414770,True
MEND24,no_sharing,168771,109333,21212,42190,710,92699,1863,1264,438042,True
SPA8,full,250549,250236,14812,8734,1482,53296,2068,1264,582441,True
SPA8,no_support,250735,250236,14588,8734,1482,53296,1906,1264,582241,True
SPA8,no_value,250549,4107676,14812,0,1482,53296,1259,744,4429818,True
SPA8,no_spatial,250735,250870,14588,7764,0,53296,1799,1170,580222,True
SPA8,no_sharing,250549,246872,14812,29746,1482,53296,1867,1264,599888,True
NCBI761,full,248158,76910,14340,8527,3911,53322,2066,1264,408498,True
NCBI761,no_support,264220,76910,14116,8527,3911,53322,1904,1264,424174,True
NCBI761,no_value,248158,1908332,14340,0,3911,53322,1257,744,2230064,True
NCBI761,no_spatial,264220,81700,14116,7405,0,53322,1797,1170,423730,True
NCBI761,no_sharing,248158,75924,14340,27550,3911,53322,1864,1264,426333,True
NCBI289,full,70177,20341,9573,7245,959,44612,2061,1264,156232,True
NCBI289,no_support,70853,20341,9349,7245,959,44612,1899,1264,156522,True
NCBI289,no_value,70177,521224,9573,0,959,44612,1253,744,648542,True
NCBI289,no_spatial,70853,20493,9349,6424,0,44612,1793,1170,154694,True
NCBI289,no_sharing,70177,19860,9573,21592,959,44612,1860,1264,169897,True
SPA149,full,335332,227846,17067,9401,2400,49930,2068,1264,645308,True
SPA149,no_support,342399,227846,16843,9401,2400,49930,1906,1264,651989,True
SPA149,no_value,335332,4365144,17067,0,2400,49930,1259,744,4771876,True
SPA149,no_spatial,342399,234980,16843,8275,0,49930,1799,1170,655396,True
SPA149,no_sharing,335332,225363,17067,31208,2400,49930,1867,1264,664431,True
NCBI410,full,167942,160644,15722,9979,905,75380,2066,1264,433902,True
NCBI410,no_support,170415,160644,15498,9979,905,75380,1904,1264,435989,True
NCBI410,no_value,167942,2588836,15722,0,905,75380,1256,744,2850785,True
NCBI410,no_spatial,170415,163422,15498,8918,0,75380,1798,1170,436601,True
NCBI410,no_sharing,167942,158278,15722,32618,905,75380,1865,1264,453974,True
MEND23,full,126335,65148,18060,11123,593,82723,2065,1264,307311,True
MEND23,no_support,129269,65148,17836,11123,593,82723,1903,1264,309859,True
MEND23,no_value,126335,1326308,18060,0,593,82723,1256,744,1556019,True
MEND23,no_spatial,129269,66458,17836,10093,0,82723,1797,1170,309346,True
MEND23,no_sharing,126335,63968,18060,37225,593,82723,1863,1264,332031,True
NCBI299,full,80656,34453,9876,7526,645,44309,2061,1264,180790,True
NCBI299,no_support,80965,34453,9652,7526,645,44309,1899,1264,180713,True
NCBI299,no_value,80656,780428,9876,0,645,44309,1253,744,917911,True
NCBI299,no_spatial,80965,34657,9652,6495,0,44309,1793,1170,179041,True
NCBI299,no_sharing,80656,33638,9876,22874,645,44309,1859,1264,195121,True
NCBI770,full,622152,428196,20048,10815,4291,59857,2068,1264,1148691,True
NCBI770,no_support,666706,428196,19824,10815,4291,59857,1906,1264,1192859,True
NCBI770,no_value,622152,7336552,20048,0,4291,59857,1259,744,8044903,True
NCBI770,no_spatial,666706,448157,19824,9498,0,59857,1799,1170,1207011,True
NCBI770,no_sharing,622152,425437,20048,35283,4291,59857,1865,1264,1170197,True
NCBI337,full,205412,179969,16918,9582,1193,76133,2067,1264,492538,True
NCBI337,no_support,206265,179969,16694,9582,1193,76133,1905,1264,493005,True
NCBI337,no_value,205412,3229760,16918,0,1193,76133,1257,744,3531417,True
NCBI337,no_spatial,206265,180409,16694,8657,0,76133,1798,1170,491126,True
NCBI337,no_sharing,205412,177002,16918,33013,1193,76133,1866,1264,512801,True
SPA33,full,186445,79334,22277,11223,1533,126936,2067,1264,431079,True
SPA33,no_support,188371,79334,22053,11223,1533,126936,1905,1264,432619,True
SPA33,no_value,186445,1769896,22277,0,1533,126936,1258,744,2109089,True
SPA33,no_spatial,188371,79833,22053,10166,0,126936,1798,1170,430327,True
SPA33,no_sharing,186445,77288,22277,40446,1533,126936,1865,1264,458054,True
NCBI176,full,139821,24975,11990,6073,2224,52608,2064,1264,241019,True
NCBI176,no_support,140126,24975,11766,6073,2224,52608,1902,1264,240938,True
NCBI176,no_value,139821,1027548,11990,0,2224,52608,1257,744,1236192,True
NCBI176,no_spatial,140126,25132,11766,5413,0,52608,1795,1170,238010,True
NCBI176,no_sharing,139821,24271,11990,21614,2224,52608,1862,1264,255654,True
SPA96,full,293539,106036,17034,9385,3286,60591,2067,1264,493202,True
SPA96,no_support,297569,106036,16810,9385,3286,60591,1905,1264,496846,True
SPA96,no_value,293539,2554768,17034,0,3286,60591,1257,744,2931219,True
SPA96,no_spatial,297569,108203,16810,8366,0,60591,1798,1170,494507,True
SPA96,no_sharing,293539,103971,17034,31737,3286,60591,1864,1264,513286,True
SPA14,full,302813,284377,15799,9406,1798,55989,2068,1264,673514,True
SPA14,no_support,303738,284377,15575,9406,1798,55989,1906,1264,674053,True
SPA14,no_value,302813,4332256,15799,0,1798,55989,1259,744,4710658,True
SPA14,no_spatial,303738,285968,15575,8419,0,55989,1799,1170,672658,True
SPA14,no_sharing,302813,281157,15799,31708,1798,55989,1867,1264,692395,True
NCBI491,full,743286,523444,22026,12931,6906,84061,2069,1264,1395987,True
NCBI491,no_support,831927,523444,21802,12931,6906,84061,1907,1264,1484242,True
NCBI491,no_value,743286,8051904,22026,0,6906,84061,1259,744,8910186,True
NCBI491,no_spatial,831927,562513,21802,11389,0,84061,1800,1170,1514662,True
NCBI491,no_sharing,743286,521131,22026,39374,6906,84061,1867,1264,1419915,True
MEND124,full,1778496,3620551,34658,16892,11340,112389,2078,1264,5577668,True
MEND124,no_support,1830907,3620551,34434,16892,11340,112389,1916,1264,5629693,True
MEND124,no_value,1778496,43711048,34658,0,11340,112389,1266,744,45649941,True
MEND124,no_spatial,1830907,3739729,34434,15419,0,112389,1808,1170,5735856,True
MEND124,no_sharing,1778496,3611318,34658,53873,11340,112389,1876,1264,5605214,True
NCBI709,full,946371,391586,30899,13080,7932,128222,2071,1264,1521425,True
NCBI709,no_support,947976,391586,30675,13080,7932,128222,1909,1264,1522644,True
NCBI709,no_value,946371,9967384,30899,0,7932,128222,1261,744,11082813,True
NCBI709,no_spatial,947976,395128,30675,11974,0,128222,1802,1170,1516947,True
NCBI709,no_sharing,946371,384141,30899,46880,7932,128222,1868,1264,1547577,True
NCBI844,full,3152785,2838930,28977,13746,44532,143908,2076,1264,6226218,True
NCBI844,no_support,3996702,2838930,28753,13746,44532,143908,1914,1264,7069749,True
NCBI844,no_value,3152785,44358408,28977,0,44532,143908,1266,744,47730620,True
NCBI844,no_spatial,3996702,3245088,28753,12134,0,143908,1806,1170,7429561,True
NCBI844,no_sharing,3152785,2833223,28977,44009,44532,143908,1875,1264,6250573,True
NCBI435,full,808779,470014,25882,11850,8522,120476,2071,1264,1448858,True
NCBI435,no_support,816732,470014,25658,11850,8522,120476,1909,1264,1456425,True
NCBI435,no_value,808779,9707624,25882,0,8522,120476,1261,744,10673288,True
NCBI435,no_spatial,816732,481599,25658,10305,0,120476,1802,1170,1457742,True
NCBI435,no_sharing,808779,464608,25882,39754,8522,120476,1870,1264,1471155,True
NCBI812,full,2229019,1065082,35156,14141,21705,176323,2076,1264,3544766,True
NCBI812,no_support,2246904,1065082,34932,14141,21705,176323,1914,1264,3562265,True
NCBI812,no_value,2229019,23201284,35156,0,21705,176323,1264,744,25665495,True
NCBI812,no_spatial,2246904,1082299,34932,12866,0,176323,1806,1170,3556300,True
NCBI812,no_sharing,2229019,1056136,35156,50373,21705,176323,1874,1264,3571850,True
NCBI629,full,3973637,2468161,39989,14857,31178,198925,2077,1264,6730088,True
NCBI629,no_support,4002626,2468161,39765,14857,31178,198925,1915,1264,6758691,True
NCBI629,no_value,3973637,50266152,39989,0,31178,198925,1266,744,54511891,True
NCBI629,no_spatial,4002626,2510727,39765,13436,0,198925,1807,1170,6768456,True
NCBI629,no_sharing,3973637,2452059,39989,54260,31178,198925,1876,1264,6753188,True
NCBI796,full,632107,320313,24202,12747,7539,119890,2069,1264,1120131,True
NCBI796,no_support,643329,320313,23978,12747,7539,119890,1907,1264,1130967,True
NCBI796,no_value,632107,6311920,24202,0,7539,119890,1260,744,7097662,True
NCBI796,no_spatial,643329,328473,23978,11217,0,119890,1800,1170,1129857,True
NCBI796,no_sharing,632107,316733,24202,40088,7539,119890,1868,1264,1143691,True
NCBI452,full,608662,687907,24483,13320,3229,76158,2070,1264,1417093,True
NCBI452,no_support,616197,687907,24259,13320,3229,76158,1908,1264,1424242,True
NCBI452,no_value,608662,10059208,24483,0,3229,76158,1260,744,10773744,True
NCBI452,no_spatial,616197,696012,24259,11927,0,76158,1801,1170,1427524,True
NCBI452,no_sharing,608662,682819,24483,43546,3229,76158,1868,1264,1442029,True
MEND140,full,1943465,1136796,33334,14338,15688,141480,2076,1264,3288441,True
MEND140,no_support,1975689,1136796,33110,14338,15688,141480,1914,1264,3320279,True
MEND140,no_value,1943465,22346848,33334,0,15688,141480,1264,744,24482823,True
MEND140,no_spatial,1975689,1166925,33110,12855,0,141480,1806,1170,3333035,True
MEND140,no_sharing,1943465,1128791,33334,50098,15688,141480,1874,1264,3315994,True
TENX50,full,3204712,4943845,26921,12236,23258,81247,2076,1264,8295559,True
TENX50,no_support,3468566,4943845,26697,12236,23258,81247,1914,1264,8559027,True
TENX50,no_value,3204712,68814528,26921,0,23258,81247,1265,744,72152675,True
TENX50,no_spatial,3468566,5168330,26697,10673,0,81247,1806,1170,8758489,True
TENX50,no_sharing,3204712,4935477,26921,39352,23258,81247,1874,1264,8314105,True
ZEN65,full,167165,112301,26491,15488,6978,233562,2069,1264,565318,True
ZEN65,no_support,316572,112301,26267,15488,6978,233562,1907,1264,714339,True
ZEN65,no_value,167165,1611004,26491,0,6978,233562,1258,744,2047202,True
ZEN65,no_spatial,316572,113805,26267,14336,0,233562,1800,1170,707512,True
ZEN65,no_sharing,167165,110242,26491,51556,6978,233562,1866,1264,599124,True
MISC14,full,1232635,876076,22351,12440,13301,70901,2073,1264,2231041,True
MISC14,no_support,1582185,876076,22127,12440,13301,70901,1911,1264,2580205,True
MISC14,no_value,1232635,14678176,22351,0,13301,70901,1263,744,16019371,True
MISC14,no_spatial,1582185,971983,22127,10617,0,70901,1803,1170,2660786,True
MISC14,no_sharing,1232635,873671,22351,37849,13301,70901,1870,1264,2253842,True
NCBI729,full,2997371,2826045,35642,14266,21686,120770,2077,1264,6019121,True
NCBI729,no_support,3037177,2826045,35418,14266,21686,120770,1915,1264,6058541,True
NCBI729,no_value,2997371,45884320,35642,0,21686,120770,1266,744,49061799,True
NCBI729,no_spatial,3037177,2883175,35418,12829,0,120770,1807,1170,6092346,True
NCBI729,no_sharing,2997371,2813991,35642,50326,21686,120770,1876,1264,6042926,True
ZEN47,full,2681268,2073407,37453,14837,19001,158191,2076,1264,4987497,True
ZEN47,no_support,2790686,2073407,37229,14837,19001,158191,1914,1264,5096529,True
ZEN47,no_value,2681268,38058332,37453,0,19001,158191,1264,744,40956253,True
ZEN47,no_spatial,2790686,2166818,37229,13472,0,158191,1806,1170,5169372,True
ZEN47,no_sharing,2681268,2064884,37453,52984,19001,158191,1874,1264,5016919,True
MEND84,full,548627,200913,23105,11168,10027,113063,2071,1264,910238,True
MEND84,no_support,592306,200913,22881,11168,10027,113063,1909,1264,953531,True
MEND84,no_value,548627,4662888,23105,0,10027,113063,1262,744,5359716,True
MEND84,no_spatial,592306,209963,22881,9801,0,113063,1801,1170,950985,True
MEND84,no_sharing,548627,198644,23105,37133,10027,113063,1870,1264,933733,True
NCBI542,full,1629336,959574,28663,12573,18420,151436,2074,1264,2803340,True
NCBI542,no_support,1631802,959574,28439,12573,18420,151436,1912,1264,2805420,True
NCBI542,no_value,1629336,19110284,28663,0,18420,151436,1264,744,20940147,True
NCBI542,no_spatial,1631802,971010,28439,11266,0,151436,1804,1170,2796927,True
NCBI542,no_sharing,1629336,948186,28663,41959,18420,151436,1872,1264,2821136,True
INT17,full,3288526,1494302,25660,10357,30765,114373,2075,1264,4967322,True
INT17,no_support,3405209,1494302,25436,10357,30765,114373,1913,1264,5083619,True
INT17,no_value,3288526,35916516,25660,0,30765,114373,1264,744,39377848,True
INT17,no_spatial,3405209,1567438,25436,8893,0,114373,1805,1170,5124324,True
INT17,no_sharing,3288526,1484222,25660,36380,30765,114373,1874,1264,4983064,True
TENX118,full,89535,323607,1318,4275,19211,18829,2065,1264,460104,True
TENX118,no_support,151243,323607,1094,4275,19211,18829,1904,1264,521427,True
TENX118,no_value,89535,2495316,1318,0,19211,18829,1255,744,2626208,True
TENX118,no_spatial,151243,347732,1094,2556,0,18829,1796,1170,524420,True
TENX118,no_sharing,89535,323301,1318,5291,19211,18829,1861,1264,460610,True
TENX96,full,241347,998417,1321,4543,48098,33091,2068,1264,1330149,True
TENX96,no_support,343071,998417,1097,4543,48098,33091,1906,1264,1431487,True
TENX96,no_value,241347,7532664,1321,0,48098,33091,1258,744,7858523,True
TENX96,no_spatial,343071,1093347,1097,2674,0,33091,1799,1170,1476249,True
TENX96,no_sharing,241347,997899,1321,5542,48098,33091,1863,1264,1330425,True
TENX135,full,232336,465541,1290,4410,44848,34585,2066,1264,786340,True
TENX135,no_support,367839,465541,1066,4410,44848,34585,1904,1264,921457,True
TENX135,no_value,232336,3945860,1290,0,44848,34585,1256,744,4260919,True
TENX135,no_spatial,367839,519770,1066,2642,0,34585,1796,1170,928868,True
TENX135,no_sharing,232336,464821,1290,5431,44848,34585,1862,1264,786437,True
TENX110,full,872822,2854195,1324,4506,178845,116548,2073,1264,4031577,True
TENX110,no_support,1502598,2854195,1100,4506,178845,116548,1912,1264,4660968,True
TENX110,no_value,872822,21103524,1324,0,178845,116548,1262,744,22275069,True
TENX110,no_spatial,1502598,3243239,1100,2693,0,116548,1803,1170,4869151,True
TENX110,no_sharing,872822,2850506,1324,5533,178845,116548,1869,1264,4028711,True
TENX124,full,307326,1142556,1299,4220,68957,55263,2070,1264,1582955,True
TENX124,no_support,650265,1142556,1075,4220,68957,55263,1908,1264,1925508,True
TENX124,no_value,307326,8457908,1299,0,68957,55263,1259,744,8892756,True
TENX124,no_spatial,650265,1274958,1075,2569,0,55263,1800,1170,1987100,True
TENX124,no_sharing,307326,1142553,1299,5237,68957,55263,1864,1264,1583763,True
TENX127,full,145042,575439,1311,4925,25686,25278,2066,1264,781011,True
TENX127,no_support,238422,575439,1087,4925,25686,25278,1904,1264,874005,True
TENX127,no_value,145042,3862152,1311,0,25686,25278,1256,744,4061469,True
TENX127,no_spatial,238422,609284,1087,2850,0,25278,1796,1170,879887,True
TENX127,no_sharing,145042,574729,1311,5923,25686,25278,1861,1264,781094,True
TENX126,full,79944,239820,1343,4424,13314,11698,2064,1264,353871,True
TENX126,no_support,99850,239820,1119,4424,13314,11698,1902,1264,373391,True
TENX126,no_value,79944,2056944,1343,0,13314,11698,1255,744,2165242,True
TENX126,no_spatial,99850,254432,1119,2622,0,11698,1794,1170,372685,True
TENX126,no_sharing,79944,238918,1343,5469,13314,11698,1859,1264,353809,True
TENX136,full,323031,699019,1320,4429,50563,39480,2067,1264,1121173,True
TENX136,no_support,411964,699019,1096,4429,50563,39480,1905,1264,1209720,True
TENX136,no_value,323031,5983500,1320,0,50563,39480,1258,744,6399896,True
TENX136,no_spatial,411964,780331,1096,2628,0,39480,1797,1170,1238466,True
TENX136,no_sharing,323031,698211,1320,5443,50563,39480,1862,1264,1121174,True
TENX117,full,51560,217027,1282,4564,11084,10664,2064,1264,299509,True
TENX117,no_support,99219,217027,1058,4564,11084,10664,1902,1264,346782,True
TENX117,no_value,51560,1430792,1282,0,11084,10664,1255,744,1507381,True
TENX117,no_spatial,99219,237915,1058,2707,0,10664,1794,1170,354527,True
TENX117,no_sharing,51560,216902,1282,5564,11084,10664,1860,1264,300180,True
TENX137,full,238783,552162,1257,4170,56773,45761,2067,1264,902237,True
TENX137,no_support,460847,552162,1033,4170,56773,45761,1905,1264,1123915,True
TENX137,no_value,238783,4726364,1257,0,56773,45761,1258,744,5070940,True
TENX137,no_spatial,460847,622634,1033,2516,0,45761,1797,1170,1135758,True
TENX137,no_sharing,238783,551884,1257,5181,56773,45761,1862,1264,902765,True
TENX111,full,226076,1059216,1338,4602,38929,35313,2069,1264,1368807,True
TENX111,no_support,334920,1059216,1114,4602,38929,35313,1907,1264,1477265,True
TENX111,no_value,226076,7550540,1338,0,38929,35313,1258,744,7854198,True
TENX111,no_spatial,334920,1142561,1114,2714,0,35313,1799,1170,1519591,True
TENX111,no_sharing,226076,1058466,1338,5599,38929,35313,1863,1264,1368848,True
TENX131,full,651024,111771,18508,8146,10633,64998,2069,1264,868413,True
TENX131,no_support,654915,111771,18284,8146,10633,64998,1907,1264,871918,True
TENX131,no_value,651024,4426708,18508,0,10633,64998,1261,744,5173876,True
TENX131,no_spatial,654915,113079,18284,7320,0,64998,1799,1170,861565,True
TENX131,no_sharing,651024,109314,18508,29600,10633,64998,1865,1264,887206,True
TENX129,full,839729,184393,19924,8692,11282,66589,2070,1264,1133943,True
TENX129,no_support,840806,184393,19700,8692,11282,66589,1908,1264,1134634,True
TENX129,no_value,839729,6029508,19924,0,11282,66589,1261,744,6969037,True
TENX129,no_spatial,840806,184605,19700,7650,0,66589,1800,1170,1122320,True
TENX129,no_sharing,839729,181085,19924,31387,11282,66589,1868,1264,1153128,True
TENX128,full,1430228,364280,21721,9453,13554,67610,2071,1264,1910181,True
TENX128,no_support,1465668,364280,21497,9453,13554,67610,1909,1264,1945235,True
TENX128,no_value,1430228,11331024,21721,0,13554,67610,1263,744,12866144,True
TENX128,no_spatial,1465668,367784,21497,8143,0,67610,1801,1170,1933673,True
TENX128,no_sharing,1430228,359457,21721,33434,13554,67610,1870,1264,1929138,True
