dataset_id,full_bytes,no_support_bytes,no_support_delta_bytes,no_support_increase_percent,no_value_bytes,no_value_delta_bytes,no_value_increase_percent,no_spatial_bytes,no_spatial_delta_bytes,no_spatial_increase_percent,no_sharing_bytes,no_sharing_delta_bytes,no_sharing_increase_percent
NCBI180,257323,257241,-82,-0.03186656459002887,1357156,1099833,427.413406496893,254296,-3027,-1.1763425733416757,272476,15153,5.888707966252531
SPA58,589023,589810,787,0.13361108140089606,3839559,3250536,551.8521348062809,587482,-1541,-0.26161966510645596,606963,17940,3.045721474373666
SPA37,414261,415604,1343,0.3241917535080541,2018734,1604473,387.3096912333046,413595,-666,-0.16076821134502162,442859,28598,6.903377339406799
NCBI383,1038413,1040853,2440,0.23497394581924533,8143843,7105430,684.2585753452624,1040332,1919,0.18480123033898843,1057565,19152,1.844352873086142
MEND24,410132,413603,3471,0.8463128943852223,2329056,1918924,467.8796094915783,414770,4638,1.1308554319097266,438042,27910,6.805126154506354
SPA8,582441,582241,-200,-0.034338241985025095,4429818,3847377,660.5608121680995,580222,-2219,-0.3809827948238534,599888,17447,2.995496539563664
NCBI761,408498,424174,15676,3.8374728884841542,2230064,1821566,445.9179726706128,423730,15232,3.7287820258605917,426333,17835,4.365994447953233
NCBI289,156232,156522,290,0.1856213835833888,648542,492310,315.1147012135798,154694,-1538,-0.9844334067284551,169897,13665,8.74660760919658
SPA149,645308,651989,6681,1.0353195683301617,4771876,4126568,639.4726239253193,655396,10088,1.5632845091026302,664431,19123,2.9633911248582074
NCBI410,433902,435989,2087,0.48098418536904647,2850785,2416883,557.0112606072339,436601,2699,0.6220298592769796,453974,20072,4.625929357320317
MEND23,307311,309859,2548,0.8291274962497275,1556019,1248708,406.33364897449167,309346,2035,0.662195625929433,332031,24720,8.04396848794869
NCBI299,180790,180713,-77,-0.04259085126389734,917911,737121,407.72221914928923,179041,-1749,-0.967420764422811,195121,14331,7.926876486531334
NCBI770,1148691,1192859,44168,3.845072347567797,8044903,6896212,600.3539681254576,1207011,58320,5.0770833931840675,1170197,21506,1.8722180290434938
NCBI337,492538,493005,467,0.09481501934876091,3531417,3038879,616.9836642045893,491126,-1412,-0.28667838826648906,512801,20263,4.113997295640133
SPA33,431079,432619,1540,0.35724310393222586,2109089,1678010,389.2581174216327,430327,-752,-0.17444598321885316,458054,26975,6.257553719851813
NCBI176,241019,240938,-81,-0.033607308967342826,1236192,995173,412.90230230811676,238010,-3009,-1.248449292379439,255654,14635,6.072135391815583
SPA96,493202,496846,3644,0.7388453412597678,2931219,2438017,494.32423226183187,494507,1305,0.2645974671635557,513286,20084,4.0721651574811135
SPA14,673514,674053,539,0.08002803208248084,4710658,4037144,599.4150084482283,672658,-856,-0.1270946112478731,692395,18881,2.80335672309707
NCBI491,1395987,1484242,88255,6.322050276972493,8910186,7514199,538.2714165676327,1514662,118675,8.50115366403842,1419915,23928,1.714056076453434
MEND124,5577668,5629693,52025,0.932737480968749,45649941,40072273,718.441345020894,5735856,158188,2.836095658615751,5605214,27546,0.4938623094813101
NCBI709,1521425,1522644,1219,0.08012225380810753,11082813,9561388,628.4495127922836,1516947,-4478,-0.29432932941157136,1547577,26152,1.7189148331334112
NCBI844,6226218,7069749,843531,13.548047948208687,47730620,41504402,666.6069514430751,7429561,1203343,19.32702966712698,6250573,24355,0.39116844286531566
NCBI435,1448858,1456425,7567,0.5222734042949688,10673288,9224430,636.6690179437875,1457742,8884,0.6131725814400031,1471155,22297,1.5389361828419348
NCBI812,3544766,3562265,17499,0.4936574092619936,25665495,22120729,624.0391890466112,3556300,11534,0.32538113940384217,3571850,27084,0.7640560759158714
NCBI629,6730088,6758691,28603,0.425001872189487,54511891,47781803,709.9729305174019,6768456,38368,0.5700965574298583,6753188,23100,0.3432347392782977
NCBI796,1120131,1130967,10836,0.9673868502880467,7097662,5977531,533.6457075109964,1129857,9726,0.8682912980713863,1143691,23560,2.103325414616683
NCBI452,1417093,1424242,7149,0.504483474267391,10773744,9356651,660.2707796877128,1427524,10431,0.7360843642583796,1442029,24936,1.7596586815403081
MEND140,3288441,3320279,31838,0.9681791462884692,24482823,21194382,644.5115481773886,3333035,44594,1.356083323374207,3315994,27553,0.8378742388870593
TENX50,8295559,8559027,263468,3.1760126110850395,72152675,63857116,769.7747192202478,8758489,462930,5.58045575952145,8314105,18546,0.2235654040915145
ZEN65,565318,714339,149021,26.360561666177265,2047202,1481884,262.1328172816008,707512,142194,25.152922779745204,599124,33806,5.97999709897792
MISC14,2231041,2580205,349164,15.650272675401304,16019371,13788330,618.0222595640331,2660786,429745,19.26208438123728,2253842,22801,1.0219892866155307
NCBI729,6019121,6058541,39420,0.654912901734323,49061799,43042678,715.0990651292772,6092346,73225,1.2165397572170422,6042926,23805,0.39548964043088686
ZEN47,4987497,5096529,109032,2.1861065781092197,40956253,35968756,721.1784989544856,5169372,181875,3.6466187348082615,5016919,29422,0.5899151418035941
MEND84,910238,953531,43293,4.756228590764174,5359716,4449478,488.8257796312613,950985,40747,4.476521525139579,933733,23495,2.581193050608742
NCBI542,2803340,2805420,2080,0.07419720761662874,20940147,18136807,646.9713627315988,2796927,-6413,-0.22876283290646157,2821136,17796,0.6348141859353486
INT17,4967322,5083619,116297,2.341241417407609,39377848,34410526,692.7379783311812,5124324,157002,3.160697051650769,4983064,15742,0.31691120487055197
TENX118,460104,521427,61323,13.328073652913254,2626208,2166104,470.7857353989533,524420,64316,13.978578756107314,460610,506,0.109975136056196
TENX96,1330149,1431487,101338,7.61854499007254,7858523,6528374,490.80020358621476,1476249,146100,10.983731897704693,1330425,276,0.020749555125027346
TENX135,786340,921457,135117,17.183025154513317,4260919,3474579,441.86725843782585,928868,142528,18.12549278937864,786437,97,0.012335630897576113
TENX110,4031577,4660968,629391,15.6115336504797,22275069,18243492,452.5150331991675,4869151,837574,20.7753442387433,4028711,-2866,-0.07108880718388859
TENX124,1582955,1925508,342553,21.640097160058247,8892756,7309801,461.78198369505134,1987100,404145,25.531047945140575,1583763,808,0.051043775723251764
TENX127,781011,874005,92994,11.90687455106266,4061469,3280458,420.02711869615155,879887,98876,12.660000947489856,781094,83,0.01062725108865304
TENX126,353871,373391,19520,5.516134410562041,2165242,1811371,511.87325324765237,372685,18814,5.316626680343967,353809,-62,-0.017520508886006484
TENX136,1121173,1209720,88547,7.897710701203115,6399896,5278723,470.82145217553403,1238466,117293,10.46163259372104,1121174,1,8.919230127732295e-05
TENX117,299509,346782,47273,15.783498993352454,1507381,1207872,403.28404154800023,354527,55018,18.369397914586873,300180,671,0.2240333345575592
TENX137,902237,1123915,221678,24.56981923818243,5070940,4168703,462.040794159406,1135758,233521,25.8824455215204,902765,528,0.05852120895064157
TENX111,1368807,1477265,108458,7.923542179430702,7854198,6485391,473.79878974902965,1519591,150784,11.015723911406063,1368848,41,0.002995309053796481
TENX131,868413,871918,3505,0.40360980316969,5173876,4305463,495.7851851595957,861565,-6848,-0.7885648879047181,887206,18793,2.1640624910037043
TENX129,1133943,1134634,691,0.06093780727955462,6969037,5835094,514.5844191462886,1122320,-11623,-1.0250074298267198,1153128,19185,1.6918839835864765
TENX128,1910181,1945235,35054,1.8351140546367073,12866144,10955963,573.5562755571331,1933673,23492,1.2298310997753616,1929138,18957,0.9924190430121543
